{"metadata":{"usedHelpers":[],"marked":[],"modules":{"imports":[],"exports":{"exported":[],"specifiers":[]}}},"options":{"filename":"packages/google-oauth/google_client.js","filenameRelative":"packages/google-oauth/google_client.js","env":{"development":{"plugins":[]}},"retainLines":false,"highlightCode":true,"suppressDeprecationMessages":false,"presets":[],"plugins":[[[],{"generateLetDeclarations":true,"enforceStrictMode":false}],[[],null],[[],{"polyfill":false}],[[],null],[[],null],[[],null],[[],{"allowTopLevelThis":true,"strict":false,"loose":true}],[[],null],[[],null],[[],null],[[],null],[[],null],[[],null],[[],null],[[],null],[[],null],[[],null],[[],null],[[],null],[[],{"loose":true}],[[],{"loose":true}],[[],null],[[],{"loose":true}],[[],null],[[],null],[[],null],[[],null],[[],null],[[],null],[[],{"loose":true}],[[],null],[[],null],[[],null],[[],null],[[],null],[[],null],[[],null]],"ignore":[],"code":true,"metadata":true,"ast":true,"comments":true,"compact":false,"minified":false,"sourceMap":true,"sourceMaps":true,"sourceMapTarget":"packages/google-oauth/google_client.js.map","sourceFileName":"packages/google-oauth/google_client.js","babelrc":false,"sourceType":"module","moduleIds":false,"passPerPreset":false,"parserOpts":false,"generatorOpts":false,"basename":"google_client"},"ignored":false,"code":"var Google = require(\"./namespace.js\");\n\nvar ILLEGAL_PARAMETERS = {\n  'response_type': 1,\n  'client_id': 1,\n  'scope': 1,\n  'redirect_uri': 1,\n  'state': 1\n}; // Request Google credentials for the user\n// @param options {optional}\n// @param credentialRequestCompleteCallback {Function} Callback function to call on\n//   completion. Takes one argument, credentialToken on success, or Error on\n//   error.\n\nGoogle.requestCredential = function (options, credentialRequestCompleteCallback) {\n  // support both (options, callback) and (callback).\n  if (!credentialRequestCompleteCallback && typeof options === 'function') {\n    credentialRequestCompleteCallback = options;\n    options = {};\n  } else if (!options) {\n    options = {};\n  }\n\n  var config = ServiceConfiguration.configurations.findOne({\n    service: 'google'\n  });\n\n  if (!config) {\n    credentialRequestCompleteCallback && credentialRequestCompleteCallback(new ServiceConfiguration.ConfigError());\n    return;\n  }\n\n  var credentialToken = Random.secret(); // we need the email scope to get user id from google.\n\n  var requiredScopes = {\n    'email': 1\n  };\n  var scopes = options.requestPermissions || ['profile'];\n  scopes.forEach(function (scope) {\n    requiredScopes[scope] = 1;\n  });\n  scopes = Object.keys(requiredScopes);\n  var loginUrlParameters = {};\n\n  if (config.loginUrlParameters) {\n    Object.assign(loginUrlParameters, config.loginUrlParameters);\n  }\n\n  if (options.loginUrlParameters) {\n    Object.assign(loginUrlParameters, options.loginUrlParameters);\n  } // validate options keys\n\n\n  Object.keys(loginUrlParameters).forEach(function (key) {\n    if (ILLEGAL_PARAMETERS.hasOwnProperty(key)) {\n      throw new Error(\"Google.requestCredential: Invalid loginUrlParameter: \" + key);\n    }\n  }); // backwards compatible options\n\n  if (options.requestOfflineToken != null) {\n    loginUrlParameters.access_type = options.requestOfflineToken ? 'offline' : 'online';\n  }\n\n  if (options.prompt != null) {\n    loginUrlParameters.prompt = options.prompt;\n  } else if (options.forceApprovalPrompt) {\n    loginUrlParameters.prompt = 'consent';\n  }\n\n  if (options.loginHint) {\n    loginUrlParameters.login_hint = options.loginHint;\n  }\n\n  var loginStyle = OAuth._loginStyle('google', config, options); // https://developers.google.com/accounts/docs/OAuth2WebServer#formingtheurl\n\n\n  Object.assign(loginUrlParameters, {\n    \"response_type\": \"code\",\n    \"client_id\": config.clientId,\n    \"scope\": scopes.join(' '),\n    // space delimited\n    \"redirect_uri\": OAuth._redirectUri('google', config),\n    \"state\": OAuth._stateParam(loginStyle, credentialToken, options.redirectUrl)\n  });\n  var loginUrl = 'https://accounts.google.com/o/oauth2/auth?' + Object.keys(loginUrlParameters).map(function (param) {\n    return encodeURIComponent(param) + '=' + encodeURIComponent(loginUrlParameters[param]);\n  }).join(\"&\");\n  OAuth.launchLogin({\n    loginService: \"google\",\n    loginStyle: loginStyle,\n    loginUrl: loginUrl,\n    credentialRequestCompleteCallback: credentialRequestCompleteCallback,\n    credentialToken: credentialToken,\n    popupOptions: {\n      height: 600\n    }\n  });\n};","map":{"version":3,"sources":["packages/google-oauth/google_client.js"],"names":["Google","require","ILLEGAL_PARAMETERS","requestCredential","options","credentialRequestCompleteCallback","config","ServiceConfiguration","configurations","findOne","service","ConfigError","credentialToken","Random","secret","requiredScopes","scopes","requestPermissions","forEach","scope","Object","keys","loginUrlParameters","assign","key","hasOwnProperty","Error","requestOfflineToken","access_type","prompt","forceApprovalPrompt","loginHint","login_hint","loginStyle","OAuth","_loginStyle","clientId","join","_redirectUri","_stateParam","redirectUrl","loginUrl","map","param","encodeURIComponent","launchLogin","loginService","popupOptions","height"],"mappings":"AAAA,IAAIA,SAASC,QAAQ,gBAAR,CAAb;;AAEA,IAAIC,qBAAqB;AACvB,mBAAiB,CADM;AAEvB,eAAa,CAFU;AAGvB,WAAS,CAHc;AAIvB,kBAAgB,CAJO;AAKvB,WAAS;AALc,CAAzB,C,CAQA;AACA;AACA;AACA;AACA;;AACAF,OAAOG,iBAAP,GAA2B,UAAUC,OAAV,EAAmBC,iCAAnB,EAAsD;AAC/E;AACA,MAAI,CAACA,iCAAD,IAAsC,OAAOD,OAAP,KAAmB,UAA7D,EAAyE;AACvEC,wCAAoCD,OAApC;AACAA,cAAU,EAAV;AACD,GAHD,MAGO,IAAI,CAACA,OAAL,EAAc;AACnBA,cAAU,EAAV;AACD;;AAED,MAAIE,SAASC,qBAAqBC,cAArB,CAAoCC,OAApC,CAA4C;AAACC,aAAS;AAAV,GAA5C,CAAb;;AACA,MAAI,CAACJ,MAAL,EAAa;AACXD,yCAAqCA,kCACnC,IAAIE,qBAAqBI,WAAzB,EADmC,CAArC;AAEA;AACD;;AAED,MAAIC,kBAAkBC,OAAOC,MAAP,EAAtB,CAhB+E,CAkB/E;;AACA,MAAIC,iBAAiB;AAAE,aAAS;AAAX,GAArB;AACA,MAAIC,SAASZ,QAAQa,kBAAR,IAA8B,CAAC,SAAD,CAA3C;AACAD,SAAOE,OAAP,CAAe,UAAUC,KAAV,EAAiB;AAC9BJ,mBAAeI,KAAf,IAAwB,CAAxB;AACD,GAFD;AAGAH,WAASI,OAAOC,IAAP,CAAYN,cAAZ,CAAT;AAEA,MAAIO,qBAAqB,EAAzB;;AACA,MAAIhB,OAAOgB,kBAAX,EAA8B;AAC5BF,WAAOG,MAAP,CAAcD,kBAAd,EAAkChB,OAAOgB,kBAAzC;AACD;;AACD,MAAIlB,QAAQkB,kBAAZ,EAA+B;AAC7BF,WAAOG,MAAP,CAAcD,kBAAd,EAAkClB,QAAQkB,kBAA1C;AACD,GAhC8E,CAkC/E;;;AACAF,SAAOC,IAAP,CAAYC,kBAAZ,EAAgCJ,OAAhC,CAAwC,UAAUM,GAAV,EAAe;AACrD,QAAItB,mBAAmBuB,cAAnB,CAAkCD,GAAlC,CAAJ,EAA4C;AAC1C,YAAM,IAAIE,KAAJ,CAAU,0DAA0DF,GAApE,CAAN;AACD;AACF,GAJD,EAnC+E,CAyC/E;;AACA,MAAIpB,QAAQuB,mBAAR,IAA+B,IAAnC,EAAwC;AACtCL,uBAAmBM,WAAnB,GAAiCxB,QAAQuB,mBAAR,GAA8B,SAA9B,GAA0C,QAA3E;AACD;;AACD,MAAIvB,QAAQyB,MAAR,IAAkB,IAAtB,EAA4B;AAC1BP,uBAAmBO,MAAnB,GAA4BzB,QAAQyB,MAApC;AACD,GAFD,MAEO,IAAIzB,QAAQ0B,mBAAZ,EAAiC;AACtCR,uBAAmBO,MAAnB,GAA4B,SAA5B;AACD;;AAED,MAAIzB,QAAQ2B,SAAZ,EAAuB;AACrBT,uBAAmBU,UAAnB,GAAgC5B,QAAQ2B,SAAxC;AACD;;AAED,MAAIE,aAAaC,MAAMC,WAAN,CAAkB,QAAlB,EAA4B7B,MAA5B,EAAoCF,OAApC,CAAjB,CAvD+E,CAwD/E;;;AACAgB,SAAOG,MAAP,CAAcD,kBAAd,EAAkC;AAChC,qBAAiB,MADe;AAEhC,iBAAchB,OAAO8B,QAFW;AAGhC,aAASpB,OAAOqB,IAAP,CAAY,GAAZ,CAHuB;AAGL;AAC3B,oBAAgBH,MAAMI,YAAN,CAAmB,QAAnB,EAA6BhC,MAA7B,CAJgB;AAKhC,aAAS4B,MAAMK,WAAN,CAAkBN,UAAlB,EAA8BrB,eAA9B,EAA+CR,QAAQoC,WAAvD;AALuB,GAAlC;AAOA,MAAIC,WAAW,+CACbrB,OAAOC,IAAP,CAAYC,kBAAZ,EAAgCoB,GAAhC,CAAoC,UAAUC,KAAV,EAAiB;AACnD,WAAOC,mBAAmBD,KAAnB,IAA4B,GAA5B,GACLC,mBAAmBtB,mBAAmBqB,KAAnB,CAAnB,CADF;AAED,GAHD,EAGGN,IAHH,CAGQ,GAHR,CADF;AAMAH,QAAMW,WAAN,CAAkB;AAChBC,kBAAc,QADE;AAEhBb,gBAAYA,UAFI;AAGhBQ,cAAUA,QAHM;AAIhBpC,uCAAmCA,iCAJnB;AAKhBO,qBAAiBA,eALD;AAMhBmC,kBAAc;AAAEC,cAAQ;AAAV;AANE,GAAlB;AAQD,CA9ED","file":"packages/google-oauth/google_client.js.map","sourcesContent":["var Google = require(\"./namespace.js\");\n\nvar ILLEGAL_PARAMETERS = {\n  'response_type': 1,\n  'client_id': 1,\n  'scope': 1,\n  'redirect_uri': 1,\n  'state': 1\n};\n\n// Request Google credentials for the user\n// @param options {optional}\n// @param credentialRequestCompleteCallback {Function} Callback function to call on\n//   completion. Takes one argument, credentialToken on success, or Error on\n//   error.\nGoogle.requestCredential = function (options, credentialRequestCompleteCallback) {\n  // support both (options, callback) and (callback).\n  if (!credentialRequestCompleteCallback && typeof options === 'function') {\n    credentialRequestCompleteCallback = options;\n    options = {};\n  } else if (!options) {\n    options = {};\n  }\n\n  var config = ServiceConfiguration.configurations.findOne({service: 'google'});\n  if (!config) {\n    credentialRequestCompleteCallback && credentialRequestCompleteCallback(\n      new ServiceConfiguration.ConfigError());\n    return;\n  }\n\n  var credentialToken = Random.secret();\n\n  // we need the email scope to get user id from google.\n  var requiredScopes = { 'email': 1 };\n  var scopes = options.requestPermissions || ['profile'];\n  scopes.forEach(function (scope) {\n    requiredScopes[scope] = 1;\n  });\n  scopes = Object.keys(requiredScopes);\n\n  var loginUrlParameters = {};\n  if (config.loginUrlParameters){\n    Object.assign(loginUrlParameters, config.loginUrlParameters);\n  }\n  if (options.loginUrlParameters){\n    Object.assign(loginUrlParameters, options.loginUrlParameters);\n  }\n\n  // validate options keys\n  Object.keys(loginUrlParameters).forEach(function (key) {\n    if (ILLEGAL_PARAMETERS.hasOwnProperty(key)) {\n      throw new Error(\"Google.requestCredential: Invalid loginUrlParameter: \" + key);\n    }\n  });\n\n  // backwards compatible options\n  if (options.requestOfflineToken != null){\n    loginUrlParameters.access_type = options.requestOfflineToken ? 'offline' : 'online'\n  }\n  if (options.prompt != null) {\n    loginUrlParameters.prompt = options.prompt;\n  } else if (options.forceApprovalPrompt) {\n    loginUrlParameters.prompt = 'consent'\n  }\n\n  if (options.loginHint) {\n    loginUrlParameters.login_hint = options.loginHint;\n  }\n\n  var loginStyle = OAuth._loginStyle('google', config, options);\n  // https://developers.google.com/accounts/docs/OAuth2WebServer#formingtheurl\n  Object.assign(loginUrlParameters, {\n    \"response_type\": \"code\",\n    \"client_id\":  config.clientId,\n    \"scope\": scopes.join(' '), // space delimited\n    \"redirect_uri\": OAuth._redirectUri('google', config),\n    \"state\": OAuth._stateParam(loginStyle, credentialToken, options.redirectUrl)\n  });\n  var loginUrl = 'https://accounts.google.com/o/oauth2/auth?' +\n    Object.keys(loginUrlParameters).map(function (param) {\n      return encodeURIComponent(param) + '=' +\n        encodeURIComponent(loginUrlParameters[param]);\n    }).join(\"&\");\n\n  OAuth.launchLogin({\n    loginService: \"google\",\n    loginStyle: loginStyle,\n    loginUrl: loginUrl,\n    credentialRequestCompleteCallback: credentialRequestCompleteCallback,\n    credentialToken: credentialToken,\n    popupOptions: { height: 600 }\n  });\n};\n"]},"hash":"01cc2f99da31097319df3d0163383d10125d94a0"}
