{"metadata":{"usedHelpers":[],"marked":[],"modules":{"imports":[],"exports":{"exported":[],"specifiers":[]}}},"options":{"filename":"client/templates.js","filenameRelative":"client/templates.js","env":{"development":{"plugins":[]}},"retainLines":false,"highlightCode":true,"suppressDeprecationMessages":false,"presets":[],"plugins":[[[],{"generateLetDeclarations":true,"enforceStrictMode":false}],[[],null],[[],{"polyfill":false}],[[],null],[[],null],[[],null],[[],{"allowTopLevelThis":true,"strict":false,"loose":true}],[[],null],[[],null],[[],null],[[],null],[[],null],[[],null],[[],null],[[],null],[[],null],[[],null],[[],null],[[],null],[[],{"loose":true}],[[],{"loose":true}],[[],null],[[],{"loose":true}],[[],null],[[],null],[[],null],[[],null],[[],null],[[],null],[[],{"loose":true}],[[],null],[[],null],[[],null],[[],null],[[],null],[[],null],[[],null]],"ignore":[],"code":true,"metadata":true,"ast":true,"comments":true,"compact":false,"minified":false,"sourceMap":true,"sourceMaps":true,"sourceMapTarget":"client/templates.js.map","sourceFileName":"client/templates.js","babelrc":false,"sourceType":"module","moduleIds":false,"passPerPreset":false,"parserOpts":false,"generatorOpts":false,"basename":"templates"},"ignored":false,"code":"Template.showpeople.helpers({\n  peoplelist: function () {\n    return People.find();\n  }\n});\nTemplate.addperson.events({\n  'click button': function (elt, instance) {\n    var name = instance.$('#nombre').val(); //const year = instance.$('#book').val();\n    //const birthyear = parseInt(year);\n\n    var book = instance.$('#book').val();\n    var food = instance.$('#food').val();\n    var date = instance.$('#date').val();\n    var num = instance.$('#num').val();\n    console.log('adding' + name);\n    instance.$('#nombre').val(\"\");\n    instance.$('#book').val(\"\");\n    instance.$('#date').val(\"\");\n    instance.$('#num').val(\"\");\n    var chore = {\n      name: name,\n      food: food,\n      date: date,\n      num: num,\n      owner: Meteor.userId(),\n      createAt: new Date()\n    }; //People.insert({name:name, food:food, date:date, num:num, owner:Meteor.userId(), createAt:new Date()});\n    //People.insert({name,birthyear})\n\n    Meteor.call('chore.insert', chore);\n  }\n});\nTemplate.personrow.helpers({\n  isOwner: function () {\n    console.dir(this);\n    return this.person.owner == Meteor.userId();\n  }\n});\nTemplate.personrow.events({\n  'click span': function (elt, instance) {\n    console.dir(this);\n    console.log(this.person._id);\n    Meteor.call('chore.remove', this.person, function (err, res) {\n      console.log('got the answer');\n      console.dir([err, res]);\n    });\n  }\n});\nTemplate.showpost.helpers({\n  postlist: function () {\n    return Post.find();\n  }\n});\nTemplate.addpost.events({\n  'click button': function (elt, instance) {\n    var des = instance.$('#des').val();\n    instance.$('#des').val(\"\");\n    var listing = {\n      des: des\n    }; //People.insert({name:name, food:food, date:date, num:num, owner:Meteor.userId(), createAt:new Date()});\n    //People.insert({name,birthyear})\n\n    if (document.getElementById('subscribeNews').checked) {\n      $(Post.insert(listing));\n    }\n\n    ;\n  }\n});\nTemplate.postrow.helpers({\n  isOwner: function () {\n    console.dir(this);\n    return this.post.owner == Meteor.userId();\n  }\n});\nTemplate.postrow.events({\n  'click span': function (elt, instance) {\n    console.dir(this);\n    console.log(this.post._id);\n    Meteor.call('listing.remove', this.post, function (err, res) {\n      console.log('got the answer');\n      console.dir([err, res]);\n    });\n  }\n});","map":{"version":3,"sources":["client/templates.js"],"names":["Template","showpeople","helpers","peoplelist","People","find","addperson","events","elt","instance","name","$","val","book","food","date","num","console","log","chore","owner","Meteor","userId","createAt","Date","call","personrow","isOwner","dir","person","_id","err","res","showpost","postlist","Post","addpost","des","listing","document","getElementById","checked","insert","postrow","post"],"mappings":"AAAAA,SAASC,UAAT,CAAoBC,OAApB,CAA4B;AAC1BC,YAD0B,cACb;AAAC,WAAOC,OAAOC,IAAP,EAAP;AAAqB;AADT,CAA5B;AAIAL,SAASM,SAAT,CAAmBC,MAAnB,CAA0B;AACxB,gBADwB,YACTC,GADS,EACLC,QADK,EACI;AAC1B,QAAMC,OAAOD,SAASE,CAAT,CAAW,SAAX,EAAsBC,GAAtB,EAAb,CAD0B,CAE1B;AACA;;AACA,QAAMC,OAAOJ,SAASE,CAAT,CAAW,OAAX,EAAoBC,GAApB,EAAb;AACA,QAAME,OAAOL,SAASE,CAAT,CAAW,OAAX,EAAoBC,GAApB,EAAb;AACA,QAAMG,OAAON,SAASE,CAAT,CAAW,OAAX,EAAoBC,GAApB,EAAb;AACA,QAAMI,MAAMP,SAASE,CAAT,CAAW,MAAX,EAAmBC,GAAnB,EAAZ;AACAK,YAAQC,GAAR,CAAY,WAASR,IAArB;AAEAD,aAASE,CAAT,CAAW,SAAX,EAAsBC,GAAtB,CAA0B,EAA1B;AACAH,aAASE,CAAT,CAAW,OAAX,EAAoBC,GAApB,CAAwB,EAAxB;AACAH,aAASE,CAAT,CAAW,OAAX,EAAoBC,GAApB,CAAwB,EAAxB;AACAH,aAASE,CAAT,CAAW,MAAX,EAAmBC,GAAnB,CAAuB,EAAvB;AACA,QAAIO,QAAQ;AAACT,YAAKA,IAAN;AAAYI,YAAKA,IAAjB;AAAuBC,YAAKA,IAA5B;AAAkCC,WAAIA,GAAtC;AAA2CI,aAAMC,OAAOC,MAAP,EAAjD;AAAkEC,gBAAS,IAAIC,IAAJ;AAA3E,KAAZ,CAd0B,CAe1B;AACA;;AACAH,WAAOI,IAAP,CAAY,cAAZ,EAA2BN,KAA3B;AACD;AAnBuB,CAA1B;AAqBAnB,SAAS0B,SAAT,CAAmBxB,OAAnB,CAA2B;AACzByB,SADyB,cACf;AAACV,YAAQW,GAAR,CAAY,IAAZ;AACT,WAAO,KAAKC,MAAL,CAAYT,KAAZ,IAAqBC,OAAOC,MAAP,EAA5B;AAA4C;AAFrB,CAA3B;AAMAtB,SAAS0B,SAAT,CAAmBnB,MAAnB,CAA0B;AACxB,cADwB,YACXC,GADW,EACPC,QADO,EACE;AACxBQ,YAAQW,GAAR,CAAY,IAAZ;AACAX,YAAQC,GAAR,CAAY,KAAKW,MAAL,CAAYC,GAAxB;AACAT,WAAOI,IAAP,CAAY,cAAZ,EAA2B,KAAKI,MAAhC,EACE,UAACE,GAAD,EAAKC,GAAL,EAAa;AACXf,cAAQC,GAAR,CAAY,gBAAZ;AACAD,cAAQW,GAAR,CAAY,CAACG,GAAD,EAAKC,GAAL,CAAZ;AACD,KAJH;AAMD;AAVuB,CAA1B;AAiBAhC,SAASiC,QAAT,CAAkB/B,OAAlB,CAA0B;AACxBgC,UADwB,cACb;AAAC,WAAOC,KAAK9B,IAAL,EAAP;AAAmB;AADP,CAA1B;AAIAL,SAASoC,OAAT,CAAiB7B,MAAjB,CAAwB;AACtB,gBADsB,YACPC,GADO,EACHC,QADG,EACM;AAE1B,QAAM4B,MAAM5B,SAASE,CAAT,CAAW,MAAX,EAAmBC,GAAnB,EAAZ;AAGAH,aAASE,CAAT,CAAW,MAAX,EAAmBC,GAAnB,CAAuB,EAAvB;AAEA,QAAI0B,UAAU;AAACD,WAAIA;AAAL,KAAd,CAP0B,CAQ1B;AACA;;AACA,QAAGE,SAASC,cAAT,CAAwB,eAAxB,EAAyCC,OAA5C,EAAqD;AACjD9B,QAAEwB,KAAKO,MAAL,CAAYJ,OAAZ,CAAF;AACH;;AAAA;AACF;AAdqB,CAAxB;AAgBAtC,SAAS2C,OAAT,CAAiBzC,OAAjB,CAAyB;AACvByB,SADuB,cACb;AAACV,YAAQW,GAAR,CAAY,IAAZ;AACT,WAAO,KAAKgB,IAAL,CAAUxB,KAAV,IAAmBC,OAAOC,MAAP,EAA1B;AAA0C;AAFrB,CAAzB;AAMAtB,SAAS2C,OAAT,CAAiBpC,MAAjB,CAAwB;AACtB,cADsB,YACTC,GADS,EACLC,QADK,EACI;AACxBQ,YAAQW,GAAR,CAAY,IAAZ;AACAX,YAAQC,GAAR,CAAY,KAAK0B,IAAL,CAAUd,GAAtB;AACAT,WAAOI,IAAP,CAAY,gBAAZ,EAA6B,KAAKmB,IAAlC,EACE,UAACb,GAAD,EAAKC,GAAL,EAAa;AACXf,cAAQC,GAAR,CAAY,gBAAZ;AACAD,cAAQW,GAAR,CAAY,CAACG,GAAD,EAAKC,GAAL,CAAZ;AACD,KAJH;AAMD;AAVqB,CAAxB","file":"client/templates.js.map","sourcesContent":["Template.showpeople.helpers({\n  peoplelist() {return People.find()},\n})\n\nTemplate.addperson.events({\n  'click button'(elt,instance){\n    const name = instance.$('#nombre').val();\n    //const year = instance.$('#book').val();\n    //const birthyear = parseInt(year);\n    const book = instance.$('#book').val();\n    const food = instance.$('#food').val();\n    const date = instance.$('#date').val();\n    const num = instance.$('#num').val();\n    console.log('adding'+name);\n\n    instance.$('#nombre').val(\"\");\n    instance.$('#book').val(\"\");\n    instance.$('#date').val(\"\");\n    instance.$('#num').val(\"\");\n    var chore = {name:name, food:food, date:date, num:num, owner:Meteor.userId(), createAt:new Date()};\n    //People.insert({name:name, food:food, date:date, num:num, owner:Meteor.userId(), createAt:new Date()});\n    //People.insert({name,birthyear})\n    Meteor.call('chore.insert',chore);\n  }\n})\nTemplate.personrow.helpers({\n  isOwner() {console.dir(this);\n    return this.person.owner == Meteor.userId()}\n})\n\n\nTemplate.personrow.events({\n  'click span'(elt,instance){\n    console.dir(this);\n    console.log(this.person._id);\n    Meteor.call('chore.remove',this.person,\n      (err,res) => {\n        console.log('got the answer');\n        console.dir([err,res]);\n      }\n    );\n  }\n})\n\n\n\n\n\nTemplate.showpost.helpers({\n  postlist() {return Post.find()},\n})\n\nTemplate.addpost.events({\n  'click button'(elt,instance){\n\n    const des = instance.$('#des').val();\n\n\n    instance.$('#des').val(\"\");\n\n    var listing = {des:des};\n    //People.insert({name:name, food:food, date:date, num:num, owner:Meteor.userId(), createAt:new Date()});\n    //People.insert({name,birthyear})\n    if(document.getElementById('subscribeNews').checked) {\n        $(Post.insert(listing));\n    };\n  }\n})\nTemplate.postrow.helpers({\n  isOwner() {console.dir(this);\n    return this.post.owner == Meteor.userId()}\n})\n\n\nTemplate.postrow.events({\n  'click span'(elt,instance){\n    console.dir(this);\n    console.log(this.post._id);\n    Meteor.call('listing.remove',this.post,\n      (err,res) => {\n        console.log('got the answer');\n        console.dir([err,res]);\n      }\n    );\n  }\n})\n"]},"hash":"090b73906c47c74b4675c737a76375742906a0c7"}
