{"metadata":{"usedHelpers":[],"marked":[],"modules":{"imports":[],"exports":{"exported":[],"specifiers":[]}}},"options":{"filename":"packages/google-oauth/namespace.js","filenameRelative":"packages/google-oauth/namespace.js","env":{"development":{"plugins":[]}},"retainLines":false,"highlightCode":true,"suppressDeprecationMessages":false,"presets":[],"plugins":[[[],{"generateLetDeclarations":true,"enforceStrictMode":false}],[[],null],[[],{"polyfill":false}],[[],null],[[],null],[[],null],[[],{"allowTopLevelThis":true,"strict":false,"loose":true}],[[],null],[[],null],[[],null],[[],null],[[],null],[[],null],[[],null],[[],null],[[],null],[[],null],[[],null],[[],null],[[],{"loose":true}],[[],{"loose":true}],[[],null],[[],{"loose":true}],[[],null],[[],null],[[],null],[[],null],[[],null],[[],null],[[],{"loose":true}],[[],null],[[],null],[[],null],[[],null],[[],null],[[],null],[[],null]],"ignore":[],"code":true,"metadata":true,"ast":true,"comments":true,"compact":false,"minified":false,"sourceMap":true,"sourceMaps":true,"sourceMapTarget":"packages/google-oauth/namespace.js.map","sourceFileName":"packages/google-oauth/namespace.js","babelrc":false,"sourceType":"module","moduleIds":false,"passPerPreset":false,"parserOpts":false,"generatorOpts":false,"basename":"namespace"},"ignored":false,"code":"// The module.exports object of this module becomes the Google namespace\n// for other modules in this package.\nGoogle = module.exports; // So that api.export finds the \"Google\" property.\n\nGoogle.Google = Google;","map":{"version":3,"sources":["packages/google-oauth/namespace.js"],"names":["Google","module","exports"],"mappings":"AAAA;AACA;AACAA,SAASC,OAAOC,OAAhB,C,CAEA;;AACAF,OAAOA,MAAP,GAAgBA,MAAhB","file":"packages/google-oauth/namespace.js.map","sourcesContent":["// The module.exports object of this module becomes the Google namespace\n// for other modules in this package.\nGoogle = module.exports;\n\n// So that api.export finds the \"Google\" property.\nGoogle.Google = Google;\n"]},"hash":"0b4be6e9bc7eb053fcbffa4bb29356f112b030d8"}
