{"metadata":{"usedHelpers":[],"marked":[],"modules":{"imports":[],"exports":{"exported":[],"specifiers":[]}}},"options":{"filename":"packages/webapp/webapp_client.js","filenameRelative":"packages/webapp/webapp_client.js","env":{"development":{"plugins":[]}},"retainLines":false,"highlightCode":true,"suppressDeprecationMessages":false,"presets":[],"plugins":[[[],{"generateLetDeclarations":true,"enforceStrictMode":false}],[[],null],[[],{"polyfill":false}],[[],null],[[],null],[[],null],[[],{"allowTopLevelThis":true,"strict":false,"loose":true}],[[],null],[[],null],[[],null],[[],null],[[],null],[[],null],[[],null],[[],null],[[],null],[[],null],[[],null],[[],null],[[],{"loose":true}],[[],{"loose":true}],[[],null],[[],{"loose":true}],[[],null],[[],null],[[],null],[[],null],[[],null],[[],null],[[],{"loose":true}],[[],null],[[],null],[[],null],[[],null],[[],null],[[],null],[[],null]],"ignore":[],"code":true,"metadata":true,"ast":true,"comments":true,"compact":false,"minified":false,"sourceMap":true,"sourceMaps":true,"sourceMapTarget":"packages/webapp/webapp_client.js.map","sourceFileName":"packages/webapp/webapp_client.js","babelrc":false,"sourceType":"module","moduleIds":false,"passPerPreset":false,"parserOpts":false,"generatorOpts":false,"basename":"webapp_client"},"ignored":false,"code":"WebApp = {\n  _isCssLoaded: function () {\n    if (document.styleSheets.length === 0) return true;\n    return _.find(document.styleSheets, function (sheet) {\n      if (sheet.cssText && !sheet.cssRules) // IE8\n        return !sheet.cssText.match(/meteor-css-not-found-error/);\n      return !_.find(sheet.cssRules, function (rule) {\n        return rule.selectorText === '.meteor-css-not-found-error';\n      });\n    });\n  }\n};","map":{"version":3,"sources":["packages/webapp/webapp_client.js"],"names":["WebApp","_isCssLoaded","document","styleSheets","length","_","find","sheet","cssText","cssRules","match","rule","selectorText"],"mappings":"AAAAA,SAAS;AAEPC,gBAAc,YAAY;AACxB,QAAIC,SAASC,WAAT,CAAqBC,MAArB,KAAgC,CAApC,EACE,OAAO,IAAP;AAEF,WAAOC,EAAEC,IAAF,CAAOJ,SAASC,WAAhB,EAA6B,UAAUI,KAAV,EAAiB;AACnD,UAAIA,MAAMC,OAAN,IAAiB,CAACD,MAAME,QAA5B,EAAsC;AACpC,eAAO,CAACF,MAAMC,OAAN,CAAcE,KAAd,CAAoB,4BAApB,CAAR;AACF,aAAO,CAACL,EAAEC,IAAF,CAAOC,MAAME,QAAb,EAAuB,UAAUE,IAAV,EAAgB;AAC7C,eAAOA,KAAKC,YAAL,KAAsB,6BAA7B;AACD,OAFO,CAAR;AAGD,KANM,CAAP;AAOD;AAbM,CAAT","file":"packages/webapp/webapp_client.js.map","sourcesContent":["WebApp = {\n\n  _isCssLoaded: function () {\n    if (document.styleSheets.length === 0)\n      return true;\n\n    return _.find(document.styleSheets, function (sheet) {\n      if (sheet.cssText && !sheet.cssRules) // IE8\n        return !sheet.cssText.match(/meteor-css-not-found-error/);\n      return !_.find(sheet.cssRules, function (rule) {\n        return rule.selectorText === '.meteor-css-not-found-error';\n      });\n    });\n  }\n};\n"]},"hash":"1d3176fe380aacfe03b80fd417b1f231930494b1"}
