{"metadata":{"usedHelpers":[],"marked":[],"modules":{"imports":[],"exports":{"exported":[],"specifiers":[]}}},"options":{"filename":"client/templates.js","filenameRelative":"client/templates.js","env":{"development":{"plugins":[]}},"retainLines":false,"highlightCode":true,"suppressDeprecationMessages":false,"presets":[],"plugins":[[[],{"generateLetDeclarations":true,"enforceStrictMode":false}],[[],null],[[],{"polyfill":false}],[[],null],[[],null],[[],null],[[],{"allowTopLevelThis":true,"strict":false,"loose":true}],[[],null],[[],null],[[],null],[[],null],[[],null],[[],null],[[],null],[[],null],[[],null],[[],null],[[],null],[[],null],[[],{"loose":true}],[[],{"loose":true}],[[],null],[[],{"loose":true}],[[],null],[[],null],[[],null],[[],null],[[],null],[[],null],[[],{"loose":true}],[[],null],[[],null],[[],null],[[],null],[[],null],[[],null],[[],null]],"ignore":[],"code":true,"metadata":true,"ast":true,"comments":true,"compact":false,"minified":false,"sourceMap":true,"sourceMaps":true,"sourceMapTarget":"client/templates.js.map","sourceFileName":"client/templates.js","babelrc":false,"sourceType":"module","moduleIds":false,"passPerPreset":false,"parserOpts":false,"generatorOpts":false,"basename":"templates"},"ignored":false,"code":"Template.showpeople.helpers({\n  peoplelist: function () {\n    return People.find();\n  }\n});\nTemplate.addperson.events({\n  'click button': function (elt, instance) {\n    var name = instance.$('#nombre').val(); //const year = instance.$('#book').val();\n    //const birthyear = parseInt(year);\n\n    var book = instance.$('#book').val();\n    var food = instance.$('#food').val();\n    var date = instance.$('#date').val();\n    var num = instance.$('#num').val();\n    console.log('adding' + name);\n    instance.$('#nombre').val(\"\");\n    instance.$('#book').val(\"\");\n    instance.$('#date').val(\"\");\n    instance.$('#num').val(\"\");\n    var chore = {\n      name: name,\n      food: food,\n      date: date,\n      num: num,\n      owner: Meteor.userId(),\n      createAt: new Date()\n    }; //People.insert({name:name, food:food, date:date, num:num, owner:Meteor.userId(), createAt:new Date()});\n    //People.insert({name,birthyear})\n\n    Meteor.call('chore.insert', chore);\n  }\n});\nTemplate.personrow.helpers({\n  isOwner: function () {\n    console.dir(this);\n    return this.person.owner == Meteor.userId();\n  }\n});\nTemplate.personrow.events({\n  'click span': function (elt, instance) {\n    console.dir(this);\n    console.log(this.person._id);\n    Meteor.call('chore.remove', this.person, function (err, res) {\n      console.log('got the answer');\n      console.dir([err, res]);\n    }); //  if (this.person.owner==Meteor.userId()){\n    //    People.remove(this.person._id);\n    //  } else {\n    //    alert(\"You are not allowed.\")\n    //  }\n  }\n});","map":{"version":3,"sources":["client/templates.js"],"names":["Template","showpeople","helpers","peoplelist","People","find","addperson","events","elt","instance","name","$","val","book","food","date","num","console","log","chore","owner","Meteor","userId","createAt","Date","call","personrow","isOwner","dir","person","_id","err","res"],"mappings":"AAAAA,SAASC,UAAT,CAAoBC,OAApB,CAA4B;AAC1BC,YAD0B,cACb;AAAC,WAAOC,OAAOC,IAAP,EAAP;AAAqB;AADT,CAA5B;AAIAL,SAASM,SAAT,CAAmBC,MAAnB,CAA0B;AACxB,gBADwB,YACTC,GADS,EACLC,QADK,EACI;AAC1B,QAAMC,OAAOD,SAASE,CAAT,CAAW,SAAX,EAAsBC,GAAtB,EAAb,CAD0B,CAE1B;AACA;;AACA,QAAMC,OAAOJ,SAASE,CAAT,CAAW,OAAX,EAAoBC,GAApB,EAAb;AACA,QAAME,OAAOL,SAASE,CAAT,CAAW,OAAX,EAAoBC,GAApB,EAAb;AACA,QAAMG,OAAON,SAASE,CAAT,CAAW,OAAX,EAAoBC,GAApB,EAAb;AACA,QAAMI,MAAMP,SAASE,CAAT,CAAW,MAAX,EAAmBC,GAAnB,EAAZ;AACAK,YAAQC,GAAR,CAAY,WAASR,IAArB;AAEAD,aAASE,CAAT,CAAW,SAAX,EAAsBC,GAAtB,CAA0B,EAA1B;AACAH,aAASE,CAAT,CAAW,OAAX,EAAoBC,GAApB,CAAwB,EAAxB;AACAH,aAASE,CAAT,CAAW,OAAX,EAAoBC,GAApB,CAAwB,EAAxB;AACAH,aAASE,CAAT,CAAW,MAAX,EAAmBC,GAAnB,CAAuB,EAAvB;AACA,QAAIO,QAAQ;AAACT,YAAKA,IAAN;AAAYI,YAAKA,IAAjB;AAAuBC,YAAKA,IAA5B;AAAkCC,WAAIA,GAAtC;AAA2CI,aAAMC,OAAOC,MAAP,EAAjD;AAAkEC,gBAAS,IAAIC,IAAJ;AAA3E,KAAZ,CAd0B,CAe1B;AACA;;AACAH,WAAOI,IAAP,CAAY,cAAZ,EAA2BN,KAA3B;AACD;AAnBuB,CAA1B;AAqBAnB,SAAS0B,SAAT,CAAmBxB,OAAnB,CAA2B;AACzByB,SADyB,cACf;AAACV,YAAQW,GAAR,CAAY,IAAZ;AACT,WAAO,KAAKC,MAAL,CAAYT,KAAZ,IAAqBC,OAAOC,MAAP,EAA5B;AAA4C;AAFrB,CAA3B;AAMAtB,SAAS0B,SAAT,CAAmBnB,MAAnB,CAA0B;AACxB,cADwB,YACXC,GADW,EACPC,QADO,EACE;AACxBQ,YAAQW,GAAR,CAAY,IAAZ;AACAX,YAAQC,GAAR,CAAY,KAAKW,MAAL,CAAYC,GAAxB;AACAT,WAAOI,IAAP,CAAY,cAAZ,EAA2B,KAAKI,MAAhC,EACE,UAACE,GAAD,EAAKC,GAAL,EAAa;AACXf,cAAQC,GAAR,CAAY,gBAAZ;AACAD,cAAQW,GAAR,CAAY,CAACG,GAAD,EAAKC,GAAL,CAAZ;AACD,KAJH,EAHwB,CAS1B;AACA;AACA;AACA;AACA;AAEC;AAhBuB,CAA1B","file":"client/templates.js.map","sourcesContent":["Template.showpeople.helpers({\n  peoplelist() {return People.find()},\n})\n\nTemplate.addperson.events({\n  'click button'(elt,instance){\n    const name = instance.$('#nombre').val();\n    //const year = instance.$('#book').val();\n    //const birthyear = parseInt(year);\n    const book = instance.$('#book').val();\n    const food = instance.$('#food').val();\n    const date = instance.$('#date').val();\n    const num = instance.$('#num').val();\n    console.log('adding'+name);\n\n    instance.$('#nombre').val(\"\");\n    instance.$('#book').val(\"\");\n    instance.$('#date').val(\"\");\n    instance.$('#num').val(\"\");\n    var chore = {name:name, food:food, date:date, num:num, owner:Meteor.userId(), createAt:new Date()};\n    //People.insert({name:name, food:food, date:date, num:num, owner:Meteor.userId(), createAt:new Date()});\n    //People.insert({name,birthyear})\n    Meteor.call('chore.insert',chore);\n  }\n})\nTemplate.personrow.helpers({\n  isOwner() {console.dir(this);\n    return this.person.owner == Meteor.userId()}\n})\n\n\nTemplate.personrow.events({\n  'click span'(elt,instance){\n    console.dir(this);\n    console.log(this.person._id);\n    Meteor.call('chore.remove',this.person,\n      (err,res) => {\n        console.log('got the answer');\n        console.dir([err,res]);\n      }\n    );\n  //  if (this.person.owner==Meteor.userId()){\n  //    People.remove(this.person._id);\n  //  } else {\n  //    alert(\"You are not allowed.\")\n  //  }\n\n  }\n})\n"]},"hash":"1d570ae458f88f983f6b7812be89a0555cc3ece5"}
