{"metadata":{"usedHelpers":[],"marked":[],"modules":{"imports":[],"exports":{"exported":[],"specifiers":[]}}},"options":{"filename":"packages/google-oauth/google_sign-in.js","filenameRelative":"packages/google-oauth/google_sign-in.js","env":{"development":{"plugins":[]}},"retainLines":false,"highlightCode":true,"suppressDeprecationMessages":false,"presets":[],"plugins":[[[],{"generateLetDeclarations":true,"enforceStrictMode":false}],[[],null],[[],{"polyfill":false}],[[],null],[[],null],[[],null],[[],{"allowTopLevelThis":true,"strict":false,"loose":true}],[[],null],[[],null],[[],null],[[],null],[[],null],[[],null],[[],null],[[],null],[[],null],[[],null],[[],null],[[],null],[[],{"loose":true}],[[],{"loose":true}],[[],null],[[],{"loose":true}],[[],null],[[],null],[[],null],[[],null],[[],null],[[],null],[[],{"loose":true}],[[],null],[[],null],[[],null],[[],null],[[],null],[[],null],[[],null]],"ignore":[],"code":true,"metadata":true,"ast":true,"comments":true,"compact":false,"minified":false,"sourceMap":true,"sourceMaps":true,"sourceMapTarget":"packages/google-oauth/google_sign-in.js.map","sourceFileName":"packages/google-oauth/google_sign-in.js","babelrc":false,"sourceType":"module","moduleIds":false,"passPerPreset":false,"parserOpts":false,"generatorOpts":false,"basename":"google_sign-in"},"ignored":false,"code":"var Google = require(\"./namespace.js\");\n\nvar gplusPromise = new Promise(function (resolve, reject) {\n  if (!Meteor.isCordova) {\n    reject(new Error(\"plugins.googleplus requires Cordova\"));\n    return;\n  }\n\n  Meteor.startup(function () {\n    var plugins = global.plugins;\n    var gplus = plugins && plugins.googleplus;\n\n    if (gplus) {\n      resolve(gplus);\n    } else {\n      reject(new Error(\"plugins.googleplus not defined\"));\n    }\n  });\n});\n\nfunction tolerateUnhandledRejection() {}\n\ngplusPromise.catch(tolerateUnhandledRejection); // After 20 April 2017, Google OAuth login will no longer work from a\n// WebView, so Cordova apps must use Google Sign-In instead.\n// https://github.com/meteor/meteor/issues/8253\n\nexports.signIn = Google.signIn = function (options, callback) {\n  // support a callback without options\n  if (!callback && typeof options === \"function\") {\n    callback = options;\n    options = null;\n  }\n\n  gplusPromise.then(function (gplus) {\n    var config = ServiceConfiguration.configurations.findOne({\n      service: \"google\"\n    });\n\n    if (!config) {\n      throw new ServiceConfiguration.ConfigError();\n    }\n\n    options = Object.assign(Object.create(null), options);\n    gplus.login({\n      scopes: getScopes(options).join(\" \"),\n      webClientId: config.clientId,\n      offline: true\n    }, function (response) {\n      Accounts.callLoginMethod({\n        methodArguments: [Object.assign({\n          googleSignIn: true\n        }, response)],\n        userCallback: callback\n      });\n    }, callback);\n  }).catch(callback);\n};\n\nfunction getScopes(options) {\n  // we need the email scope to get user id from google.\n  var requiredScopes = {\n    'email': 1\n  };\n  var scopes = options.requestPermissions || ['profile'];\n  scopes.forEach(function (scope) {\n    requiredScopes[scope] = 1;\n  });\n  return Object.keys(requiredScopes);\n}\n\nexports.signOut = Google.signOut = function () {\n  return gplusPromise.then(function (gplus) {\n    return new Promise(function (resolve) {\n      gplus.logout(resolve);\n    });\n  });\n}; // Make sure we don't stay logged in with Google Sign-In after the client\n// calls Meteor.logout().\n\n\nMeteor.startup(function () {\n  Accounts.onLogout(function () {\n    Google.signOut().catch(tolerateUnhandledRejection);\n  });\n});","map":{"version":3,"sources":["packages/google-oauth/google_sign-in.js"],"names":["Google","require","gplusPromise","Promise","resolve","reject","Meteor","isCordova","Error","startup","plugins","global","gplus","googleplus","tolerateUnhandledRejection","catch","exports","signIn","options","callback","then","config","ServiceConfiguration","configurations","findOne","service","ConfigError","Object","assign","create","login","scopes","getScopes","join","webClientId","clientId","offline","response","Accounts","callLoginMethod","methodArguments","googleSignIn","userCallback","requiredScopes","requestPermissions","forEach","scope","keys","signOut","logout","onLogout"],"mappings":"AAAA,IAAIA,SAASC,QAAQ,gBAAR,CAAb;;AAEA,IAAIC,eAAe,IAAIC,OAAJ,CAAY,UAAUC,OAAV,EAAmBC,MAAnB,EAA2B;AACxD,MAAI,CAAEC,OAAOC,SAAb,EAAwB;AACtBF,WAAO,IAAIG,KAAJ,CAAU,qCAAV,CAAP;AACA;AACD;;AAEDF,SAAOG,OAAP,CAAe,YAAY;AACzB,QAAIC,UAAUC,OAAOD,OAArB;AACA,QAAIE,QAAQF,WAAWA,QAAQG,UAA/B;;AACA,QAAID,KAAJ,EAAW;AACTR,cAAQQ,KAAR;AACD,KAFD,MAEO;AACLP,aAAO,IAAIG,KAAJ,CAAU,gCAAV,CAAP;AACD;AACF,GARD;AASD,CAfkB,CAAnB;;AAiBA,SAASM,0BAAT,GAAsC,CAAE;;AACxCZ,aAAaa,KAAb,CAAmBD,0BAAnB,E,CAEA;AACA;AACA;;AACAE,QAAQC,MAAR,GAAiBjB,OAAOiB,MAAP,GAAgB,UAAUC,OAAV,EAAmBC,QAAnB,EAA6B;AAC5D;AACA,MAAI,CAAEA,QAAF,IAAc,OAAOD,OAAP,KAAmB,UAArC,EAAiD;AAC/CC,eAAWD,OAAX;AACAA,cAAU,IAAV;AACD;;AAEDhB,eAAakB,IAAb,CAAkB,UAAUR,KAAV,EAAiB;AACjC,QAAIS,SAASC,qBAAqBC,cAArB,CAAoCC,OAApC,CAA4C;AACvDC,eAAS;AAD8C,KAA5C,CAAb;;AAIA,QAAI,CAAEJ,MAAN,EAAc;AACZ,YAAM,IAAIC,qBAAqBI,WAAzB,EAAN;AACD;;AAEDR,cAAUS,OAAOC,MAAP,CAAcD,OAAOE,MAAP,CAAc,IAAd,CAAd,EAAmCX,OAAnC,CAAV;AAEAN,UAAMkB,KAAN,CAAY;AACVC,cAAQC,UAAUd,OAAV,EAAmBe,IAAnB,CAAwB,GAAxB,CADE;AAEVC,mBAAab,OAAOc,QAFV;AAGVC,eAAS;AAHC,KAAZ,EAIG,UAAUC,QAAV,EAAoB;AACrBC,eAASC,eAAT,CAAyB;AACvBC,yBAAiB,CAACb,OAAOC,MAAP,CAAc;AAC9Ba,wBAAc;AADgB,SAAd,EAEfJ,QAFe,CAAD,CADM;AAIvBK,sBAAcvB;AAJS,OAAzB;AAMD,KAXD,EAWGA,QAXH;AAaD,GAxBD,EAwBGJ,KAxBH,CAwBSI,QAxBT;AAyBD,CAhCD;;AAkCA,SAASa,SAAT,CAAmBd,OAAnB,EAA4B;AAC1B;AACA,MAAIyB,iBAAiB;AAAE,aAAS;AAAX,GAArB;AACA,MAAIZ,SAASb,QAAQ0B,kBAAR,IAA8B,CAAC,SAAD,CAA3C;AAEAb,SAAOc,OAAP,CAAe,UAAUC,KAAV,EAAiB;AAC9BH,mBAAeG,KAAf,IAAwB,CAAxB;AACD,GAFD;AAIA,SAAOnB,OAAOoB,IAAP,CAAYJ,cAAZ,CAAP;AACD;;AAED3B,QAAQgC,OAAR,GAAkBhD,OAAOgD,OAAP,GAAiB,YAAY;AAC7C,SAAO9C,aAAakB,IAAb,CAAkB,UAAUR,KAAV,EAAiB;AACxC,WAAO,IAAIT,OAAJ,CAAY,UAAUC,OAAV,EAAmB;AACpCQ,YAAMqC,MAAN,CAAa7C,OAAb;AACD,KAFM,CAAP;AAGD,GAJM,CAAP;AAKD,CAND,C,CAQA;AACA;;;AACAE,OAAOG,OAAP,CAAe,YAAY;AACzB6B,WAASY,QAAT,CAAkB,YAAY;AAC5BlD,WAAOgD,OAAP,GAAiBjC,KAAjB,CAAuBD,0BAAvB;AACD,GAFD;AAGD,CAJD","file":"packages/google-oauth/google_sign-in.js.map","sourcesContent":["var Google = require(\"./namespace.js\");\n\nvar gplusPromise = new Promise(function (resolve, reject) {\n  if (! Meteor.isCordova) {\n    reject(new Error(\"plugins.googleplus requires Cordova\"));\n    return;\n  }\n\n  Meteor.startup(function () {\n    var plugins = global.plugins;\n    var gplus = plugins && plugins.googleplus;\n    if (gplus) {\n      resolve(gplus);\n    } else {\n      reject(new Error(\"plugins.googleplus not defined\"));\n    }\n  });\n});\n\nfunction tolerateUnhandledRejection() {}\ngplusPromise.catch(tolerateUnhandledRejection);\n\n// After 20 April 2017, Google OAuth login will no longer work from a\n// WebView, so Cordova apps must use Google Sign-In instead.\n// https://github.com/meteor/meteor/issues/8253\nexports.signIn = Google.signIn = function (options, callback) {\n  // support a callback without options\n  if (! callback && typeof options === \"function\") {\n    callback = options;\n    options = null;\n  }\n\n  gplusPromise.then(function (gplus) {\n    var config = ServiceConfiguration.configurations.findOne({\n      service: \"google\"\n    });\n\n    if (! config) {\n      throw new ServiceConfiguration.ConfigError();\n    }\n\n    options = Object.assign(Object.create(null), options);\n\n    gplus.login({\n      scopes: getScopes(options).join(\" \"),\n      webClientId: config.clientId,\n      offline: true\n    }, function (response) {\n      Accounts.callLoginMethod({\n        methodArguments: [Object.assign({\n          googleSignIn: true\n        }, response)],\n        userCallback: callback\n      });\n    }, callback);\n\n  }).catch(callback);\n};\n\nfunction getScopes(options) {\n  // we need the email scope to get user id from google.\n  var requiredScopes = { 'email': 1 };\n  var scopes = options.requestPermissions || ['profile'];\n\n  scopes.forEach(function (scope) {\n    requiredScopes[scope] = 1;\n  });\n\n  return Object.keys(requiredScopes);\n}\n\nexports.signOut = Google.signOut = function () {\n  return gplusPromise.then(function (gplus) {\n    return new Promise(function (resolve) {\n      gplus.logout(resolve);\n    });\n  });\n};\n\n// Make sure we don't stay logged in with Google Sign-In after the client\n// calls Meteor.logout().\nMeteor.startup(function () {\n  Accounts.onLogout(function () {\n    Google.signOut().catch(tolerateUnhandledRejection);\n  });\n});\n"]},"hash":"31949a52eb4361d92d6dea4fc4c287ac184f8179"}
