{"metadata":{"usedHelpers":[],"marked":[],"modules":{"imports":[],"exports":{"exported":[],"specifiers":[]}}},"options":{"filename":"lib/methods.js","filenameRelative":"lib/methods.js","env":{"development":{"plugins":[]}},"retainLines":false,"highlightCode":true,"suppressDeprecationMessages":false,"presets":[],"plugins":[[[],{"generateLetDeclarations":true,"enforceStrictMode":false}],[[],null],[[],{"polyfill":false}],[[],null],[[],null],[[],null],[[],{"allowTopLevelThis":true,"strict":false,"loose":true}],[[],null],[[],null],[[],null],[[],null],[[],null],[[],null],[[],null],[[],null],[[],null],[[],null],[[],null],[[],null],[[],{"loose":true}],[[],{"loose":true}],[[],null],[[],{"loose":true}],[[],null],[[],null],[[],null],[[],null],[[],null],[[],null],[[],{"loose":true}],[[],null],[[],null],[[],null],[[],null],[[],null],[[],null],[[],null]],"ignore":[],"code":true,"metadata":true,"ast":true,"comments":true,"compact":false,"minified":false,"sourceMap":true,"sourceMaps":true,"sourceMapTarget":"lib/methods.js.map","sourceFileName":"lib/methods.js","babelrc":false,"sourceType":"module","moduleIds":false,"passPerPreset":false,"parserOpts":false,"generatorOpts":false,"basename":"methods"},"ignored":false,"code":"Meteor.methods({\n  'chore.insert': function (chore) {\n    People.remove({\n      owner: chore.owner\n    });\n    People.insert(chore);\n  },\n  'chore.remove': function (chore) {\n    console.log(\"userid=\" + this.userId);\n    console.log('chore.owner=' + chore.owner);\n    console.dir(chore);\n    if (this.userId == chore.owner) People.remove(chore._id);\n  },\n  'listing.insert': function (listing) {\n    Post.remove({\n      owner: listing.owner\n    });\n    Post.insert(listing);\n  },\n  'listing.remove': function (listing) {\n    console.log(\"userid=\" + this.userId);\n    console.log('chore.owner=' + listing.owner);\n    console.dir(listing);\n    if (this.userId == listing.owner) Post.remove(listing._id); // Post = People    listing = chore\n  }\n});","map":{"version":3,"sources":["lib/methods.js"],"names":["Meteor","methods","chore","People","remove","owner","insert","console","log","userId","dir","_id","listing","Post"],"mappings":"AAAAA,OAAOC,OAAP,CAAe;AAEb,kBAAgB,UAASC,KAAT,EAAgB;AAC9BC,WAAOC,MAAP,CAAc;AAACC,aAAMH,MAAMG;AAAb,KAAd;AACAF,WAAOG,MAAP,CAAcJ,KAAd;AACD,GALY;AAOb,kBAAgB,UAASA,KAAT,EAAe;AAC7BK,YAAQC,GAAR,CAAY,YAAU,KAAKC,MAA3B;AACAF,YAAQC,GAAR,CAAY,iBAAeN,MAAMG,KAAjC;AACAE,YAAQG,GAAR,CAAYR,KAAZ;AACA,QAAI,KAAKO,MAAL,IAAeP,MAAMG,KAAzB,EACGF,OAAOC,MAAP,CAAcF,MAAMS,GAApB;AACJ,GAbY;AAeb,oBAAkB,UAASC,OAAT,EAAkB;AAClCC,SAAKT,MAAL,CAAY;AAACC,aAAMO,QAAQP;AAAf,KAAZ;AACAQ,SAAKP,MAAL,CAAYM,OAAZ;AACD,GAlBY;AAoBb,oBAAkB,UAASA,OAAT,EAAiB;AACjCL,YAAQC,GAAR,CAAY,YAAU,KAAKC,MAA3B;AACAF,YAAQC,GAAR,CAAY,iBAAeI,QAAQP,KAAnC;AACAE,YAAQG,GAAR,CAAYE,OAAZ;AACA,QAAI,KAAKH,MAAL,IAAeG,QAAQP,KAA3B,EACGQ,KAAKT,MAAL,CAAYQ,QAAQD,GAApB,EAL8B,CAM9B;AACJ;AA3BY,CAAf","file":"lib/methods.js.map","sourcesContent":["Meteor.methods({\n\n  'chore.insert': function(chore) {\n    People.remove({owner:chore.owner});\n    People.insert(chore);\n  },\n\n  'chore.remove': function(chore){\n    console.log(\"userid=\"+this.userId);\n    console.log('chore.owner='+chore.owner);\n    console.dir(chore);\n    if (this.userId == chore.owner)\n       People.remove(chore._id);\n  },\n\n  'listing.insert': function(listing) {\n    Post.remove({owner:listing.owner});\n    Post.insert(listing);\n  },\n\n  'listing.remove': function(listing){\n    console.log(\"userid=\"+this.userId);\n    console.log('chore.owner='+listing.owner);\n    console.dir(listing);\n    if (this.userId == listing.owner)\n       Post.remove(listing._id);\n       // Post = People    listing = chore\n  },\n\n});\n"]},"hash":"39972176fcb44da67c85d5adc192adc6863f7a81"}
