{"metadata":{"usedHelpers":["typeof","slicedToArray","interopRequireDefault"],"marked":[],"modules":{"imports":[],"exports":{"exported":[],"specifiers":[]}}},"options":{"filename":"packages/reactive-dict/reactive-dict.js","filenameRelative":"packages/reactive-dict/reactive-dict.js","env":{"development":{"plugins":[]}},"retainLines":false,"highlightCode":true,"suppressDeprecationMessages":false,"presets":[],"plugins":[[[],{"generateLetDeclarations":true,"enforceStrictMode":false}],[[],null],[[],{"polyfill":false}],[[],null],[[],null],[[],null],[[],{"allowTopLevelThis":true,"strict":false,"loose":true}],[[],null],[[],null],[[],null],[[],null],[[],null],[[],null],[[],null],[[],null],[[],null],[[],null],[[],null],[[],null],[[],{"loose":true}],[[],{"loose":true}],[[],null],[[],{"loose":true}],[[],null],[[],null],[[],null],[[],null],[[],null],[[],null],[[],{"loose":true}],[[],null],[[],null],[[],null],[[],null],[[],null],[[],null],[[],null]],"ignore":[],"code":true,"metadata":true,"ast":true,"comments":true,"compact":false,"minified":false,"sourceMap":true,"sourceMaps":true,"sourceMapTarget":"packages/reactive-dict/reactive-dict.js.map","sourceFileName":"packages/reactive-dict/reactive-dict.js","babelrc":false,"sourceType":"module","moduleIds":false,"passPerPreset":false,"parserOpts":false,"generatorOpts":false,"basename":"reactive-dict"},"ignored":false,"code":"var _slicedToArray2 = require(\"babel-runtime/helpers/slicedToArray\");\n\nvar _slicedToArray3 = _interopRequireDefault(_slicedToArray2);\n\nvar _typeof2 = require(\"babel-runtime/helpers/typeof\");\n\nvar _typeof3 = _interopRequireDefault(_typeof2);\n\nfunction _interopRequireDefault(obj) { return obj && obj.__esModule ? obj : { \"default\": obj }; }\n\n// XXX come up with a serialization method which canonicalizes object key\n// order, which would allow us to use objects as values for equals.\nvar stringify = function (value) {\n  if (value === undefined) return 'undefined';\n  return EJSON.stringify(value);\n};\n\nvar parse = function (serialized) {\n  if (serialized === undefined || serialized === 'undefined') return undefined;\n  return EJSON.parse(serialized);\n};\n\nvar changed = function (v) {\n  v && v.changed();\n}; // XXX COMPAT WITH 0.9.1 : accept migrationData instead of dictName\n\n\nReactiveDict = function (dictName) {\n  // this.keys: key -> value\n  if (dictName) {\n    if (typeof dictName === 'string') {\n      // the normal case, argument is a string name.\n      // _registerDictForMigrate will throw an error on duplicate name.\n      ReactiveDict._registerDictForMigrate(dictName, this);\n\n      this.keys = ReactiveDict._loadMigratedDict(dictName) || {};\n      this.name = dictName;\n    } else if ((typeof dictName === \"undefined\" ? \"undefined\" : (0, _typeof3.default)(dictName)) === 'object') {\n      // back-compat case: dictName is actually migrationData\n      this.keys = {};\n\n      for (var _iterator = Object.entries(dictName), _isArray = Array.isArray(_iterator), _i = 0, _iterator = _isArray ? _iterator : _iterator[Symbol.iterator]();;) {\n        var _ref3;\n\n        if (_isArray) {\n          if (_i >= _iterator.length) break;\n          _ref3 = _iterator[_i++];\n        } else {\n          _i = _iterator.next();\n          if (_i.done) break;\n          _ref3 = _i.value;\n        }\n\n        var _ref = _ref3;\n\n        var _ref2 = (0, _slicedToArray3.default)(_ref, 2);\n\n        var key = _ref2[0];\n        var value = _ref2[1];\n        this.keys[key] = stringify(value);\n      }\n    } else {\n      throw new Error(\"Invalid ReactiveDict argument: \" + dictName);\n    }\n  } else {\n    // no name given; no migration will be performed\n    this.keys = {};\n  }\n\n  this.allDeps = new Tracker.Dependency();\n  this.keyDeps = {}; // key -> Dependency\n\n  this.keyValueDeps = {}; // key -> Dependency\n};\n\n_.extend(ReactiveDict.prototype, {\n  // set() began as a key/value method, but we are now overloading it\n  // to take an object of key/value pairs, similar to backbone\n  // http://backbonejs.org/#Model-set\n  set: function (keyOrObject, value) {\n    var self = this;\n\n    if ((typeof keyOrObject === \"undefined\" ? \"undefined\" : (0, _typeof3.default)(keyOrObject)) === 'object' && value === undefined) {\n      // Called as `dict.set({...})`\n      self._setObject(keyOrObject);\n\n      return;\n    } // the input isn't an object, so it must be a key\n    // and we resume with the rest of the function\n\n\n    var key = keyOrObject;\n    value = stringify(value);\n\n    var keyExisted = _.has(self.keys, key);\n\n    var oldSerializedValue = keyExisted ? self.keys[key] : 'undefined';\n    var isNewValue = value !== oldSerializedValue;\n    self.keys[key] = value;\n\n    if (isNewValue || !keyExisted) {\n      self.allDeps.changed();\n    }\n\n    if (isNewValue) {\n      changed(self.keyDeps[key]);\n\n      if (self.keyValueDeps[key]) {\n        changed(self.keyValueDeps[key][oldSerializedValue]);\n        changed(self.keyValueDeps[key][value]);\n      }\n    }\n  },\n  setDefault: function (keyOrObject, value) {\n    var self = this;\n\n    if ((typeof keyOrObject === \"undefined\" ? \"undefined\" : (0, _typeof3.default)(keyOrObject)) === 'object' && value === undefined) {\n      // Called as `dict.setDefault({...})`\n      self._setDefaultObject(keyOrObject);\n\n      return;\n    } // the input isn't an object, so it must be a key\n    // and we resume with the rest of the function\n\n\n    var key = keyOrObject;\n\n    if (!_.has(self.keys, key)) {\n      self.set(key, value);\n    }\n  },\n  get: function (key) {\n    var self = this;\n\n    self._ensureKey(key);\n\n    self.keyDeps[key].depend();\n    return parse(self.keys[key]);\n  },\n  equals: function (key, value) {\n    var self = this; // Mongo.ObjectID is in the 'mongo' package\n\n    var ObjectID = null;\n\n    if (Package.mongo) {\n      ObjectID = Package.mongo.Mongo.ObjectID;\n    } // We don't allow objects (or arrays that might include objects) for\n    // .equals, because JSON.stringify doesn't canonicalize object key\n    // order. (We can make equals have the right return value by parsing the\n    // current value and using EJSON.equals, but we won't have a canonical\n    // element of keyValueDeps[key] to store the dependency.) You can still use\n    // \"EJSON.equals(reactiveDict.get(key), value)\".\n    //\n    // XXX we could allow arrays as long as we recursively check that there\n    // are no objects\n\n\n    if (typeof value !== 'string' && typeof value !== 'number' && typeof value !== 'boolean' && typeof value !== 'undefined' && !(value instanceof Date) && !(ObjectID && value instanceof ObjectID) && value !== null) {\n      throw new Error(\"ReactiveDict.equals: value must be scalar\");\n    }\n\n    var serializedValue = stringify(value);\n\n    if (Tracker.active) {\n      self._ensureKey(key);\n\n      if (!_.has(self.keyValueDeps[key], serializedValue)) self.keyValueDeps[key][serializedValue] = new Tracker.Dependency();\n      var isNew = self.keyValueDeps[key][serializedValue].depend();\n\n      if (isNew) {\n        Tracker.onInvalidate(function () {\n          // clean up [key][serializedValue] if it's now empty, so we don't\n          // use O(n) memory for n = values seen ever\n          if (!self.keyValueDeps[key][serializedValue].hasDependents()) delete self.keyValueDeps[key][serializedValue];\n        });\n      }\n    }\n\n    var oldValue = undefined;\n    if (_.has(self.keys, key)) oldValue = parse(self.keys[key]);\n    return EJSON.equals(oldValue, value);\n  },\n  all: function () {\n    this.allDeps.depend();\n    var ret = {};\n\n    _.each(this.keys, function (value, key) {\n      ret[key] = parse(value);\n    });\n\n    return ret;\n  },\n  clear: function () {\n    var self = this;\n    var oldKeys = self.keys;\n    self.keys = {};\n    self.allDeps.changed();\n\n    _.each(oldKeys, function (value, key) {\n      changed(self.keyDeps[key]);\n\n      if (self.keyValueDeps[key]) {\n        changed(self.keyValueDeps[key][value]);\n        changed(self.keyValueDeps[key]['undefined']);\n      }\n    });\n  },\n  \"delete\": function (key) {\n    var self = this;\n    var didRemove = false;\n\n    if (_.has(self.keys, key)) {\n      var oldValue = self.keys[key];\n      delete self.keys[key];\n      changed(self.keyDeps[key]);\n\n      if (self.keyValueDeps[key]) {\n        changed(self.keyValueDeps[key][oldValue]);\n        changed(self.keyValueDeps[key]['undefined']);\n      }\n\n      self.allDeps.changed();\n      didRemove = true;\n    }\n\n    return didRemove;\n  },\n  _setObject: function (object) {\n    var self = this;\n\n    _.each(object, function (value, key) {\n      self.set(key, value);\n    });\n  },\n  _setDefaultObject: function (object) {\n    var self = this;\n\n    _.each(object, function (value, key) {\n      self.setDefault(key, value);\n    });\n  },\n  _ensureKey: function (key) {\n    var self = this;\n\n    if (!(key in self.keyDeps)) {\n      self.keyDeps[key] = new Tracker.Dependency();\n      self.keyValueDeps[key] = {};\n    }\n  },\n  // Get a JSON value that can be passed to the constructor to\n  // create a new ReactiveDict with the same contents as this one\n  _getMigrationData: function () {\n    // XXX sanitize and make sure it's JSONible?\n    return this.keys;\n  }\n});","map":{"version":3,"sources":["packages/reactive-dict/reactive-dict.js"],"names":["stringify","value","undefined","EJSON","parse","serialized","changed","v","ReactiveDict","dictName","_registerDictForMigrate","keys","_loadMigratedDict","name","Object","entries","key","Error","allDeps","Tracker","Dependency","keyDeps","keyValueDeps","_","extend","prototype","set","keyOrObject","self","_setObject","keyExisted","has","oldSerializedValue","isNewValue","setDefault","_setDefaultObject","get","_ensureKey","depend","equals","ObjectID","Package","mongo","Mongo","Date","serializedValue","active","isNew","onInvalidate","hasDependents","oldValue","all","ret","each","clear","oldKeys","didRemove","object","_getMigrationData"],"mappings":";;;;;;;;;;AAAA;AACA;AACA,IAAIA,YAAY,UAAUC,KAAV,EAAiB;AAC/B,MAAIA,UAAUC,SAAd,EACE,OAAO,WAAP;AACF,SAAOC,MAAMH,SAAN,CAAgBC,KAAhB,CAAP;AACD,CAJD;;AAKA,IAAIG,QAAQ,UAAUC,UAAV,EAAsB;AAChC,MAAIA,eAAeH,SAAf,IAA4BG,eAAe,WAA/C,EACE,OAAOH,SAAP;AACF,SAAOC,MAAMC,KAAN,CAAYC,UAAZ,CAAP;AACD,CAJD;;AAMA,IAAIC,UAAU,UAAUC,CAAV,EAAa;AACzBA,OAAKA,EAAED,OAAF,EAAL;AACD,CAFD,C,CAIA;;;AACAE,eAAe,UAAUC,QAAV,EAAoB;AACjC;AACA,MAAIA,QAAJ,EAAc;AACZ,QAAI,OAAOA,QAAP,KAAoB,QAAxB,EAAkC;AAChC;AACA;AACAD,mBAAaE,uBAAb,CAAqCD,QAArC,EAA+C,IAA/C;;AACA,WAAKE,IAAL,GAAYH,aAAaI,iBAAb,CAA+BH,QAA/B,KAA4C,EAAxD;AACA,WAAKI,IAAL,GAAYJ,QAAZ;AACD,KAND,MAMO,IAAI,QAAOA,QAAP,uDAAOA,QAAP,OAAoB,QAAxB,EAAkC;AACvC;AACA,WAAKE,IAAL,GAAY,EAAZ;;AACA,2BAAyBG,OAAOC,OAAP,CAAeN,QAAf,CAAzB,kHAAmD;AAAA;;AAAA;AAAA;AAAA;AAAA;AAAA;AAAA;AAAA;AAAA;;AAAA;;AAAA;;AAAA,YAAzCO,GAAyC;AAAA,YAApCf,KAAoC;AACjD,aAAKU,IAAL,CAAUK,GAAV,IAAiBhB,UAAUC,KAAV,CAAjB;AACD;AACF,KANM,MAMA;AACL,YAAM,IAAIgB,KAAJ,CAAU,oCAAoCR,QAA9C,CAAN;AACD;AACF,GAhBD,MAgBO;AACL;AACA,SAAKE,IAAL,GAAY,EAAZ;AACD;;AAED,OAAKO,OAAL,GAAe,IAAIC,QAAQC,UAAZ,EAAf;AACA,OAAKC,OAAL,GAAe,EAAf,CAxBiC,CAwBd;;AACnB,OAAKC,YAAL,GAAoB,EAApB,CAzBiC,CAyBT;AACzB,CA1BD;;AA4BAC,EAAEC,MAAF,CAAShB,aAAaiB,SAAtB,EAAiC;AAC/B;AACA;AACA;AAEAC,OAAK,UAAUC,WAAV,EAAuB1B,KAAvB,EAA8B;AACjC,QAAI2B,OAAO,IAAX;;AAEA,QAAK,QAAOD,WAAP,uDAAOA,WAAP,OAAuB,QAAxB,IAAsC1B,UAAUC,SAApD,EAAgE;AAC9D;AACA0B,WAAKC,UAAL,CAAgBF,WAAhB;;AACA;AACD,KAPgC,CAQjC;AACA;;;AACA,QAAIX,MAAMW,WAAV;AAEA1B,YAAQD,UAAUC,KAAV,CAAR;;AAEA,QAAI6B,aAAaP,EAAEQ,GAAF,CAAMH,KAAKjB,IAAX,EAAiBK,GAAjB,CAAjB;;AACA,QAAIgB,qBAAqBF,aAAaF,KAAKjB,IAAL,CAAUK,GAAV,CAAb,GAA8B,WAAvD;AACA,QAAIiB,aAAchC,UAAU+B,kBAA5B;AAEAJ,SAAKjB,IAAL,CAAUK,GAAV,IAAiBf,KAAjB;;AAEA,QAAIgC,cAAc,CAACH,UAAnB,EAA+B;AAC7BF,WAAKV,OAAL,CAAaZ,OAAb;AACD;;AAED,QAAI2B,UAAJ,EAAgB;AACd3B,cAAQsB,KAAKP,OAAL,CAAaL,GAAb,CAAR;;AACA,UAAIY,KAAKN,YAAL,CAAkBN,GAAlB,CAAJ,EAA4B;AAC1BV,gBAAQsB,KAAKN,YAAL,CAAkBN,GAAlB,EAAuBgB,kBAAvB,CAAR;AACA1B,gBAAQsB,KAAKN,YAAL,CAAkBN,GAAlB,EAAuBf,KAAvB,CAAR;AACD;AACF;AACF,GApC8B;AAsC/BiC,cAAY,UAAUP,WAAV,EAAuB1B,KAAvB,EAA8B;AACxC,QAAI2B,OAAO,IAAX;;AAEA,QAAK,QAAOD,WAAP,uDAAOA,WAAP,OAAuB,QAAxB,IAAsC1B,UAAUC,SAApD,EAAgE;AAC9D;AACA0B,WAAKO,iBAAL,CAAuBR,WAAvB;;AACA;AACD,KAPuC,CAQxC;AACA;;;AACA,QAAIX,MAAMW,WAAV;;AAEA,QAAI,CAAEJ,EAAEQ,GAAF,CAAMH,KAAKjB,IAAX,EAAiBK,GAAjB,CAAN,EAA6B;AAC3BY,WAAKF,GAAL,CAASV,GAAT,EAAcf,KAAd;AACD;AACF,GArD8B;AAuD/BmC,OAAK,UAAUpB,GAAV,EAAe;AAClB,QAAIY,OAAO,IAAX;;AACAA,SAAKS,UAAL,CAAgBrB,GAAhB;;AACAY,SAAKP,OAAL,CAAaL,GAAb,EAAkBsB,MAAlB;AACA,WAAOlC,MAAMwB,KAAKjB,IAAL,CAAUK,GAAV,CAAN,CAAP;AACD,GA5D8B;AA8D/BuB,UAAQ,UAAUvB,GAAV,EAAef,KAAf,EAAsB;AAC5B,QAAI2B,OAAO,IAAX,CAD4B,CAG5B;;AACA,QAAIY,WAAW,IAAf;;AACA,QAAIC,QAAQC,KAAZ,EAAmB;AACjBF,iBAAWC,QAAQC,KAAR,CAAcC,KAAd,CAAoBH,QAA/B;AACD,KAP2B,CAS5B;AACA;AACA;AACA;AACA;AACA;AACA;AACA;AACA;;;AACA,QAAI,OAAOvC,KAAP,KAAiB,QAAjB,IACA,OAAOA,KAAP,KAAiB,QADjB,IAEA,OAAOA,KAAP,KAAiB,SAFjB,IAGA,OAAOA,KAAP,KAAiB,WAHjB,IAIA,EAAEA,iBAAiB2C,IAAnB,CAJA,IAKA,EAAEJ,YAAYvC,iBAAiBuC,QAA/B,CALA,IAMAvC,UAAU,IANd,EAMoB;AAClB,YAAM,IAAIgB,KAAJ,CAAU,2CAAV,CAAN;AACD;;AACD,QAAI4B,kBAAkB7C,UAAUC,KAAV,CAAtB;;AAEA,QAAIkB,QAAQ2B,MAAZ,EAAoB;AAClBlB,WAAKS,UAAL,CAAgBrB,GAAhB;;AAEA,UAAI,CAAEO,EAAEQ,GAAF,CAAMH,KAAKN,YAAL,CAAkBN,GAAlB,CAAN,EAA8B6B,eAA9B,CAAN,EACEjB,KAAKN,YAAL,CAAkBN,GAAlB,EAAuB6B,eAAvB,IAA0C,IAAI1B,QAAQC,UAAZ,EAA1C;AAEF,UAAI2B,QAAQnB,KAAKN,YAAL,CAAkBN,GAAlB,EAAuB6B,eAAvB,EAAwCP,MAAxC,EAAZ;;AACA,UAAIS,KAAJ,EAAW;AACT5B,gBAAQ6B,YAAR,CAAqB,YAAY;AAC/B;AACA;AACA,cAAI,CAAEpB,KAAKN,YAAL,CAAkBN,GAAlB,EAAuB6B,eAAvB,EAAwCI,aAAxC,EAAN,EACE,OAAOrB,KAAKN,YAAL,CAAkBN,GAAlB,EAAuB6B,eAAvB,CAAP;AACH,SALD;AAMD;AACF;;AAED,QAAIK,WAAWhD,SAAf;AACA,QAAIqB,EAAEQ,GAAF,CAAMH,KAAKjB,IAAX,EAAiBK,GAAjB,CAAJ,EAA2BkC,WAAW9C,MAAMwB,KAAKjB,IAAL,CAAUK,GAAV,CAAN,CAAX;AAC3B,WAAOb,MAAMoC,MAAN,CAAaW,QAAb,EAAuBjD,KAAvB,CAAP;AACD,GA/G8B;AAiH/BkD,OAAK,YAAW;AACd,SAAKjC,OAAL,CAAaoB,MAAb;AACA,QAAIc,MAAM,EAAV;;AACA7B,MAAE8B,IAAF,CAAO,KAAK1C,IAAZ,EAAkB,UAASV,KAAT,EAAgBe,GAAhB,EAAqB;AACrCoC,UAAIpC,GAAJ,IAAWZ,MAAMH,KAAN,CAAX;AACD,KAFD;;AAGA,WAAOmD,GAAP;AACD,GAxH8B;AA0H/BE,SAAO,YAAW;AAChB,QAAI1B,OAAO,IAAX;AAEA,QAAI2B,UAAU3B,KAAKjB,IAAnB;AACAiB,SAAKjB,IAAL,GAAY,EAAZ;AAEAiB,SAAKV,OAAL,CAAaZ,OAAb;;AAEAiB,MAAE8B,IAAF,CAAOE,OAAP,EAAgB,UAAStD,KAAT,EAAgBe,GAAhB,EAAqB;AACnCV,cAAQsB,KAAKP,OAAL,CAAaL,GAAb,CAAR;;AACA,UAAIY,KAAKN,YAAL,CAAkBN,GAAlB,CAAJ,EAA4B;AAC1BV,gBAAQsB,KAAKN,YAAL,CAAkBN,GAAlB,EAAuBf,KAAvB,CAAR;AACAK,gBAAQsB,KAAKN,YAAL,CAAkBN,GAAlB,EAAuB,WAAvB,CAAR;AACD;AACF,KAND;AAQD,GA1I8B;AA4I/B,YAAQ,UAASA,GAAT,EAAc;AACpB,QAAIY,OAAO,IAAX;AACA,QAAI4B,YAAY,KAAhB;;AAEA,QAAIjC,EAAEQ,GAAF,CAAMH,KAAKjB,IAAX,EAAiBK,GAAjB,CAAJ,EAA2B;AACzB,UAAIkC,WAAWtB,KAAKjB,IAAL,CAAUK,GAAV,CAAf;AACA,aAAOY,KAAKjB,IAAL,CAAUK,GAAV,CAAP;AACAV,cAAQsB,KAAKP,OAAL,CAAaL,GAAb,CAAR;;AACA,UAAIY,KAAKN,YAAL,CAAkBN,GAAlB,CAAJ,EAA4B;AAC1BV,gBAAQsB,KAAKN,YAAL,CAAkBN,GAAlB,EAAuBkC,QAAvB,CAAR;AACA5C,gBAAQsB,KAAKN,YAAL,CAAkBN,GAAlB,EAAuB,WAAvB,CAAR;AACD;;AACDY,WAAKV,OAAL,CAAaZ,OAAb;AACAkD,kBAAY,IAAZ;AACD;;AAED,WAAOA,SAAP;AACD,GA7J8B;AA+J/B3B,cAAY,UAAU4B,MAAV,EAAkB;AAC5B,QAAI7B,OAAO,IAAX;;AAEAL,MAAE8B,IAAF,CAAOI,MAAP,EAAe,UAAUxD,KAAV,EAAiBe,GAAjB,EAAqB;AAClCY,WAAKF,GAAL,CAASV,GAAT,EAAcf,KAAd;AACD,KAFD;AAGD,GArK8B;AAuK/BkC,qBAAmB,UAAUsB,MAAV,EAAkB;AACnC,QAAI7B,OAAO,IAAX;;AAEAL,MAAE8B,IAAF,CAAOI,MAAP,EAAe,UAAUxD,KAAV,EAAiBe,GAAjB,EAAqB;AAClCY,WAAKM,UAAL,CAAgBlB,GAAhB,EAAqBf,KAArB;AACD,KAFD;AAGD,GA7K8B;AA+K/BoC,cAAY,UAAUrB,GAAV,EAAe;AACzB,QAAIY,OAAO,IAAX;;AACA,QAAI,EAAEZ,OAAOY,KAAKP,OAAd,CAAJ,EAA4B;AAC1BO,WAAKP,OAAL,CAAaL,GAAb,IAAoB,IAAIG,QAAQC,UAAZ,EAApB;AACAQ,WAAKN,YAAL,CAAkBN,GAAlB,IAAyB,EAAzB;AACD;AACF,GArL8B;AAuL/B;AACA;AACA0C,qBAAmB,YAAY;AAC7B;AACA,WAAO,KAAK/C,IAAZ;AACD;AA5L8B,CAAjC","file":"packages/reactive-dict/reactive-dict.js.map","sourcesContent":["// XXX come up with a serialization method which canonicalizes object key\n// order, which would allow us to use objects as values for equals.\nvar stringify = function (value) {\n  if (value === undefined)\n    return 'undefined';\n  return EJSON.stringify(value);\n};\nvar parse = function (serialized) {\n  if (serialized === undefined || serialized === 'undefined')\n    return undefined;\n  return EJSON.parse(serialized);\n};\n\nvar changed = function (v) {\n  v && v.changed();\n};\n\n// XXX COMPAT WITH 0.9.1 : accept migrationData instead of dictName\nReactiveDict = function (dictName) {\n  // this.keys: key -> value\n  if (dictName) {\n    if (typeof dictName === 'string') {\n      // the normal case, argument is a string name.\n      // _registerDictForMigrate will throw an error on duplicate name.\n      ReactiveDict._registerDictForMigrate(dictName, this);\n      this.keys = ReactiveDict._loadMigratedDict(dictName) || {};\n      this.name = dictName;\n    } else if (typeof dictName === 'object') {\n      // back-compat case: dictName is actually migrationData\n      this.keys = {};\n      for (let [key, value] of Object.entries(dictName)) {\n        this.keys[key] = stringify(value);\n      }\n    } else {\n      throw new Error(\"Invalid ReactiveDict argument: \" + dictName);\n    }\n  } else {\n    // no name given; no migration will be performed\n    this.keys = {};\n  }\n\n  this.allDeps = new Tracker.Dependency;\n  this.keyDeps = {}; // key -> Dependency\n  this.keyValueDeps = {}; // key -> Dependency\n};\n\n_.extend(ReactiveDict.prototype, {\n  // set() began as a key/value method, but we are now overloading it\n  // to take an object of key/value pairs, similar to backbone\n  // http://backbonejs.org/#Model-set\n\n  set: function (keyOrObject, value) {\n    var self = this;\n\n    if ((typeof keyOrObject === 'object') && (value === undefined)) {\n      // Called as `dict.set({...})`\n      self._setObject(keyOrObject);\n      return;\n    }\n    // the input isn't an object, so it must be a key\n    // and we resume with the rest of the function\n    var key = keyOrObject;\n\n    value = stringify(value);\n\n    var keyExisted = _.has(self.keys, key);\n    var oldSerializedValue = keyExisted ? self.keys[key] : 'undefined';\n    var isNewValue = (value !== oldSerializedValue);\n\n    self.keys[key] = value;\n\n    if (isNewValue || !keyExisted) {\n      self.allDeps.changed();\n    }\n\n    if (isNewValue) {\n      changed(self.keyDeps[key]);\n      if (self.keyValueDeps[key]) {\n        changed(self.keyValueDeps[key][oldSerializedValue]);\n        changed(self.keyValueDeps[key][value]);\n      }\n    }\n  },\n\n  setDefault: function (keyOrObject, value) {\n    var self = this;\n\n    if ((typeof keyOrObject === 'object') && (value === undefined)) {\n      // Called as `dict.setDefault({...})`\n      self._setDefaultObject(keyOrObject);\n      return;\n    }\n    // the input isn't an object, so it must be a key\n    // and we resume with the rest of the function\n    var key = keyOrObject;\n\n    if (! _.has(self.keys, key)) {\n      self.set(key, value);\n    }\n  },\n\n  get: function (key) {\n    var self = this;\n    self._ensureKey(key);\n    self.keyDeps[key].depend();\n    return parse(self.keys[key]);\n  },\n\n  equals: function (key, value) {\n    var self = this;\n\n    // Mongo.ObjectID is in the 'mongo' package\n    var ObjectID = null;\n    if (Package.mongo) {\n      ObjectID = Package.mongo.Mongo.ObjectID;\n    }\n\n    // We don't allow objects (or arrays that might include objects) for\n    // .equals, because JSON.stringify doesn't canonicalize object key\n    // order. (We can make equals have the right return value by parsing the\n    // current value and using EJSON.equals, but we won't have a canonical\n    // element of keyValueDeps[key] to store the dependency.) You can still use\n    // \"EJSON.equals(reactiveDict.get(key), value)\".\n    //\n    // XXX we could allow arrays as long as we recursively check that there\n    // are no objects\n    if (typeof value !== 'string' &&\n        typeof value !== 'number' &&\n        typeof value !== 'boolean' &&\n        typeof value !== 'undefined' &&\n        !(value instanceof Date) &&\n        !(ObjectID && value instanceof ObjectID) &&\n        value !== null) {\n      throw new Error(\"ReactiveDict.equals: value must be scalar\");\n    }\n    var serializedValue = stringify(value);\n\n    if (Tracker.active) {\n      self._ensureKey(key);\n\n      if (! _.has(self.keyValueDeps[key], serializedValue))\n        self.keyValueDeps[key][serializedValue] = new Tracker.Dependency;\n\n      var isNew = self.keyValueDeps[key][serializedValue].depend();\n      if (isNew) {\n        Tracker.onInvalidate(function () {\n          // clean up [key][serializedValue] if it's now empty, so we don't\n          // use O(n) memory for n = values seen ever\n          if (! self.keyValueDeps[key][serializedValue].hasDependents())\n            delete self.keyValueDeps[key][serializedValue];\n        });\n      }\n    }\n\n    var oldValue = undefined;\n    if (_.has(self.keys, key)) oldValue = parse(self.keys[key]);\n    return EJSON.equals(oldValue, value);\n  },\n\n  all: function() {\n    this.allDeps.depend();\n    var ret = {};\n    _.each(this.keys, function(value, key) {\n      ret[key] = parse(value);\n    });\n    return ret;\n  },\n\n  clear: function() {\n    var self = this;\n\n    var oldKeys = self.keys;\n    self.keys = {};\n\n    self.allDeps.changed();\n\n    _.each(oldKeys, function(value, key) {\n      changed(self.keyDeps[key]);\n      if (self.keyValueDeps[key]) {\n        changed(self.keyValueDeps[key][value]);\n        changed(self.keyValueDeps[key]['undefined']);\n      }\n    });\n\n  },\n\n  delete: function(key) {\n    var self = this;\n    var didRemove = false;\n\n    if (_.has(self.keys, key)) {\n      var oldValue = self.keys[key];\n      delete self.keys[key];\n      changed(self.keyDeps[key]);\n      if (self.keyValueDeps[key]) {\n        changed(self.keyValueDeps[key][oldValue]);\n        changed(self.keyValueDeps[key]['undefined']);\n      }\n      self.allDeps.changed();\n      didRemove = true;\n    }\n\n    return didRemove;\n  },\n\n  _setObject: function (object) {\n    var self = this;\n\n    _.each(object, function (value, key){\n      self.set(key, value);\n    });\n  },\n\n  _setDefaultObject: function (object) {\n    var self = this;\n\n    _.each(object, function (value, key){\n      self.setDefault(key, value);\n    });\n  },\n\n  _ensureKey: function (key) {\n    var self = this;\n    if (!(key in self.keyDeps)) {\n      self.keyDeps[key] = new Tracker.Dependency;\n      self.keyValueDeps[key] = {};\n    }\n  },\n\n  // Get a JSON value that can be passed to the constructor to\n  // create a new ReactiveDict with the same contents as this one\n  _getMigrationData: function () {\n    // XXX sanitize and make sure it's JSONible?\n    return this.keys;\n  }\n});\n"]},"hash":"427f708c2d6a66091a9b10de3d14c79fa64a507b"}
