{"metadata":{"usedHelpers":[],"marked":[],"modules":{"imports":[],"exports":{"exported":[],"specifiers":[]}}},"options":{"filename":"packages/random/deprecated.js","filenameRelative":"packages/random/deprecated.js","env":{"development":{"plugins":[]}},"retainLines":false,"highlightCode":true,"suppressDeprecationMessages":false,"presets":[],"plugins":[[[],{"generateLetDeclarations":true,"enforceStrictMode":false}],[[],null],[[],{"polyfill":false}],[[],null],[[],null],[[],null],[[],{"allowTopLevelThis":true,"strict":false,"loose":true}],[[],null],[[],null],[[],null],[[],null],[[],null],[[],null],[[],null],[[],null],[[],null],[[],null],[[],null],[[],null],[[],{"loose":true}],[[],{"loose":true}],[[],null],[[],{"loose":true}],[[],null],[[],null],[[],null],[[],null],[[],null],[[],null],[[],{"loose":true}],[[],null],[[],null],[[],null],[[],null],[[],null],[[],null],[[],null]],"ignore":[],"code":true,"metadata":true,"ast":true,"comments":true,"compact":false,"minified":false,"sourceMap":true,"sourceMaps":true,"sourceMapTarget":"packages/random/deprecated.js.map","sourceFileName":"packages/random/deprecated.js","babelrc":false,"sourceType":"module","moduleIds":false,"passPerPreset":false,"parserOpts":false,"generatorOpts":false,"basename":"deprecated"},"ignored":false,"code":"// Before this package existed, we used to use this Meteor.uuid()\n// implementing the RFC 4122 v4 UUID. It is no longer documented\n// and will go away.\n// XXX COMPAT WITH 0.5.6\nMeteor.uuid = function () {\n  var HEX_DIGITS = \"0123456789abcdef\";\n  var s = [];\n\n  for (var i = 0; i < 36; i++) {\n    s[i] = Random.choice(HEX_DIGITS);\n  }\n\n  s[14] = \"4\";\n  s[19] = HEX_DIGITS.substr(parseInt(s[19], 16) & 0x3 | 0x8, 1);\n  s[8] = s[13] = s[18] = s[23] = \"-\";\n  var uuid = s.join(\"\");\n  return uuid;\n};","map":{"version":3,"sources":["packages/random/deprecated.js"],"names":["Meteor","uuid","HEX_DIGITS","s","i","Random","choice","substr","parseInt","join"],"mappings":"AAAA;AACA;AACA;AACA;AACAA,OAAOC,IAAP,GAAc,YAAY;AACxB,MAAIC,aAAa,kBAAjB;AACA,MAAIC,IAAI,EAAR;;AACA,OAAK,IAAIC,IAAI,CAAb,EAAgBA,IAAI,EAApB,EAAwBA,GAAxB,EAA6B;AAC3BD,MAAEC,CAAF,IAAOC,OAAOC,MAAP,CAAcJ,UAAd,CAAP;AACD;;AACDC,IAAE,EAAF,IAAQ,GAAR;AACAA,IAAE,EAAF,IAAQD,WAAWK,MAAX,CAAmBC,SAASL,EAAE,EAAF,CAAT,EAAe,EAAf,IAAqB,GAAtB,GAA6B,GAA/C,EAAoD,CAApD,CAAR;AACAA,IAAE,CAAF,IAAOA,EAAE,EAAF,IAAQA,EAAE,EAAF,IAAQA,EAAE,EAAF,IAAQ,GAA/B;AAEA,MAAIF,OAAOE,EAAEM,IAAF,CAAO,EAAP,CAAX;AACA,SAAOR,IAAP;AACD,CAZD","file":"packages/random/deprecated.js.map","sourcesContent":["// Before this package existed, we used to use this Meteor.uuid()\n// implementing the RFC 4122 v4 UUID. It is no longer documented\n// and will go away.\n// XXX COMPAT WITH 0.5.6\nMeteor.uuid = function () {\n  var HEX_DIGITS = \"0123456789abcdef\";\n  var s = [];\n  for (var i = 0; i < 36; i++) {\n    s[i] = Random.choice(HEX_DIGITS);\n  }\n  s[14] = \"4\";\n  s[19] = HEX_DIGITS.substr((parseInt(s[19],16) & 0x3) | 0x8, 1);\n  s[8] = s[13] = s[18] = s[23] = \"-\";\n\n  var uuid = s.join(\"\");\n  return uuid;\n};\n"]},"hash":"47f23d9893c3d864ada6b60851a950160c929024"}
