{"metadata":{"usedHelpers":[],"marked":[],"modules":{"imports":[{"source":"./accounts_url_tests.js","imported":[],"specifiers":[]},{"source":"./accounts_reconnect_tests.js","imported":[],"specifiers":[]},{"source":"./accounts_client_tests.js","imported":[],"specifiers":[]}],"exports":{"exported":[],"specifiers":[]}}},"options":{"filename":"packages/accounts-base/client_tests.js","filenameRelative":"packages/accounts-base/client_tests.js","env":{"development":{"plugins":[]}},"retainLines":false,"highlightCode":true,"suppressDeprecationMessages":false,"presets":[],"plugins":[[[],{"generateLetDeclarations":true,"enforceStrictMode":false}],[[],null],[[],{"polyfill":false}],[[],null],[[],null],[[],null],[[],{"allowTopLevelThis":true,"strict":false,"loose":true}],[[],null],[[],null],[[],null],[[],null],[[],null],[[],null],[[],null],[[],null],[[],null],[[],null],[[],null],[[],null],[[],{"loose":true}],[[],{"loose":true}],[[],null],[[],{"loose":true}],[[],null],[[],null],[[],null],[[],null],[[],null],[[],null],[[],{"loose":true}],[[],null],[[],null],[[],null],[[],null],[[],null],[[],null],[[],null]],"ignore":[],"code":true,"metadata":true,"ast":true,"comments":true,"compact":false,"minified":false,"sourceMap":true,"sourceMaps":true,"sourceMapTarget":"packages/accounts-base/client_tests.js.map","sourceFileName":"packages/accounts-base/client_tests.js","babelrc":false,"sourceType":"module","moduleIds":false,"passPerPreset":false,"parserOpts":false,"generatorOpts":false,"basename":"client_tests"},"ignored":false,"code":"module.watch(require(\"./accounts_url_tests.js\"));\nmodule.watch(require(\"./accounts_reconnect_tests.js\"));\nmodule.watch(require(\"./accounts_client_tests.js\"));","map":{"version":3,"sources":["packages/accounts-base/client_tests.js"],"names":["module","watch","require"],"mappings":"AAAAA,OAAOC,KAAP,CAAaC,QAAQ,yBAAR,CAAb;AAAiDF,OAAOC,KAAP,CAAaC,QAAQ,+BAAR,CAAb;AAAuDF,OAAOC,KAAP,CAAaC,QAAQ,4BAAR,CAAb","file":"packages/accounts-base/client_tests.js.map","sourcesContent":["import \"./accounts_url_tests.js\";\nimport \"./accounts_reconnect_tests.js\";\nimport \"./accounts_client_tests.js\";\n"]},"hash":"4c619aedb049ec8a1d1601fa463c909c4c476dc3"}
