{"metadata":{"usedHelpers":[],"marked":[],"modules":{"imports":[],"exports":{"exported":[],"specifiers":[]}}},"options":{"filename":"packages/webapp/webapp_cordova.js","filenameRelative":"packages/webapp/webapp_cordova.js","env":{"development":{"plugins":[]}},"retainLines":false,"highlightCode":true,"suppressDeprecationMessages":false,"presets":[],"plugins":[[[],{"generateLetDeclarations":true,"enforceStrictMode":false}],[[],null],[[],{"polyfill":false}],[[],null],[[],null],[[],null],[[],{"allowTopLevelThis":true,"strict":false,"loose":true}],[[],null],[[],null],[[],null],[[],null],[[],null],[[],null],[[],null],[[],null],[[],null],[[],null],[[],null],[[],null],[[],{"loose":true}],[[],{"loose":true}],[[],null],[[],{"loose":true}],[[],null],[[],null],[[],null],[[],null],[[],null],[[],null],[[],{"loose":true}],[[],null],[[],null],[[],null],[[],null],[[],null],[[],null],[[],null]],"ignore":[],"code":true,"metadata":true,"ast":true,"comments":true,"compact":false,"minified":false,"sourceMap":true,"sourceMaps":true,"sourceMapTarget":"packages/webapp/webapp_cordova.js.map","sourceFileName":"packages/webapp/webapp_cordova.js","babelrc":false,"sourceType":"module","moduleIds":false,"passPerPreset":false,"parserOpts":false,"generatorOpts":false,"basename":"webapp_cordova"},"ignored":false,"code":"Meteor.startup(function () {\n  WebAppLocalServer.onError(function (error) {\n    console.error(error);\n  });\n});","map":{"version":3,"sources":["packages/webapp/webapp_cordova.js"],"names":["Meteor","startup","WebAppLocalServer","onError","error","console"],"mappings":"AAAAA,OAAOC,OAAP,CAAe,YAAM;AACnBC,oBAAkBC,OAAlB,CAA0B,UAACC,KAAD,EAAW;AACnCC,YAAQD,KAAR,CAAcA,KAAd;AACD,GAFD;AAGD,CAJD","file":"packages/webapp/webapp_cordova.js.map","sourcesContent":["Meteor.startup(() => {\n  WebAppLocalServer.onError((error) => {\n    console.error(error);\n  });\n});\n"]},"hash":"50e846500d12c715c10b3e3458275af548e6741f"}
