{"metadata":{"usedHelpers":[],"marked":[],"modules":{"imports":[],"exports":{"exported":[],"specifiers":[]}}},"options":{"filename":"packages/allow-deny/allow-deny-tests.js","filenameRelative":"packages/allow-deny/allow-deny-tests.js","env":{"development":{"plugins":[]}},"retainLines":false,"highlightCode":true,"suppressDeprecationMessages":false,"presets":[],"plugins":[[[],{"generateLetDeclarations":true,"enforceStrictMode":false}],[[],null],[[],{"polyfill":false}],[[],null],[[],null],[[],null],[[],{"allowTopLevelThis":true,"strict":false,"loose":true}],[[],null],[[],null],[[],null],[[],null],[[],null],[[],null],[[],null],[[],null],[[],null],[[],null],[[],null],[[],null],[[],{"loose":true}],[[],{"loose":true}],[[],null],[[],{"loose":true}],[[],null],[[],null],[[],null],[[],null],[[],null],[[],null],[[],{"loose":true}],[[],null],[[],null],[[],null],[[],null],[[],null],[[],null],[[],null]],"ignore":[],"code":true,"metadata":true,"ast":true,"comments":true,"compact":false,"minified":false,"sourceMap":true,"sourceMaps":true,"sourceMapTarget":"packages/allow-deny/allow-deny-tests.js.map","sourceFileName":"packages/allow-deny/allow-deny-tests.js","babelrc":false,"sourceType":"module","moduleIds":false,"passPerPreset":false,"parserOpts":false,"generatorOpts":false,"basename":"allow-deny-tests"},"ignored":false,"code":"// Currently in 'mongo' package","map":{"version":3,"sources":["packages/allow-deny/allow-deny-tests.js"],"names":[],"mappings":"AAAA","file":"packages/allow-deny/allow-deny-tests.js.map","sourcesContent":["// Currently in 'mongo' package\n"]},"hash":"5c2ec7c9ecb9296d448832d9841b9bfeec801656"}
