{"metadata":{"usedHelpers":[],"marked":[],"modules":{"imports":[],"exports":{"exported":[],"specifiers":[]}}},"options":{"filename":"lib/methods.js","filenameRelative":"lib/methods.js","env":{"development":{"plugins":[]}},"retainLines":false,"highlightCode":true,"suppressDeprecationMessages":false,"presets":[],"plugins":[[[],{"generateLetDeclarations":true,"enforceStrictMode":false}],[[],null],[[],{"polyfill":false}],[[],null],[[],null],[[],null],[[],{"allowTopLevelThis":true,"strict":false,"loose":true}],[[],null],[[],null],[[],null],[[],null],[[],null],[[],null],[[],null],[[],null],[[],null],[[],null],[[],null],[[],null],[[],{"loose":true}],[[],{"loose":true}],[[],null],[[],{"loose":true}],[[],null],[[],null],[[],null],[[],null],[[],null],[[],null],[[],{"loose":true}],[[],null],[[],null],[[],null],[[],null],[[],null],[[],null],[[],null]],"ignore":[],"code":true,"metadata":true,"ast":true,"comments":true,"compact":false,"minified":false,"sourceMap":true,"sourceMaps":true,"sourceMapTarget":"lib/methods.js.map","sourceFileName":"lib/methods.js","babelrc":false,"sourceType":"module","moduleIds":false,"passPerPreset":false,"parserOpts":false,"generatorOpts":false,"basename":"methods"},"ignored":false,"code":"Meteor.methods({\n  'chore.insert': function (chore) {\n    People.insert(chore);\n  },\n  'chore.remove': function (chore) {\n    if (this.userId == chore.owner) People.remove(this.person_id);\n  }\n});","map":{"version":3,"sources":["lib/methods.js"],"names":["Meteor","methods","chore","People","insert","userId","owner","remove","person_id"],"mappings":"AAAAA,OAAOC,OAAP,CAAe;AACb,gBADa,YACEC,KADF,EACS;AACpBC,WAAOC,MAAP,CAAcF,KAAd;AACD,GAHY;AAKb,gBALa,YAKEA,KALF,EAKS;AACpB,QAAI,KAAKG,MAAL,IAAeH,MAAMI,KAAzB,EACEH,OAAOI,MAAP,CAAc,KAAKC,SAAnB;AAEH;AATY,CAAf","file":"lib/methods.js.map","sourcesContent":["Meteor.methods({\n  'chore.insert'(chore) {\n    People.insert(chore);\n  },\n\n  'chore.remove'(chore) {\n    if (this.userId == chore.owner)\n      People.remove(this.person_id);\n\n  },\n});\n"]},"hash":"7b3db56630b552ab085c30920b2425da7e5c606c"}
