{"metadata":{"usedHelpers":[],"marked":[],"modules":{"imports":[],"exports":{"exported":[],"specifiers":[]}}},"options":{"filename":"packages/minimongo/sorter_projection.js","filenameRelative":"packages/minimongo/sorter_projection.js","env":{"development":{"plugins":[]}},"retainLines":false,"highlightCode":true,"suppressDeprecationMessages":false,"presets":[],"plugins":[[[],{"generateLetDeclarations":true,"enforceStrictMode":false}],[[],null],[[],{"polyfill":false}],[[],null],[[],null],[[],null],[[],{"allowTopLevelThis":true,"strict":false,"loose":true}],[[],null],[[],null],[[],null],[[],null],[[],null],[[],null],[[],null],[[],null],[[],null],[[],null],[[],null],[[],null],[[],{"loose":true}],[[],{"loose":true}],[[],null],[[],{"loose":true}],[[],null],[[],null],[[],null],[[],null],[[],null],[[],null],[[],{"loose":true}],[[],null],[[],null],[[],null],[[],null],[[],null],[[],null],[[],null]],"ignore":[],"code":true,"metadata":true,"ast":true,"comments":true,"compact":false,"minified":false,"sourceMap":true,"sourceMaps":true,"sourceMapTarget":"packages/minimongo/sorter_projection.js.map","sourceFileName":"packages/minimongo/sorter_projection.js","babelrc":false,"sourceType":"module","moduleIds":false,"passPerPreset":false,"parserOpts":false,"generatorOpts":false,"basename":"sorter_projection"},"ignored":false,"code":"Minimongo.Sorter.prototype.combineIntoProjection = function (projection) {\n  var self = this;\n\n  var specPaths = Minimongo._pathsElidingNumericKeys(self._getPaths());\n\n  return combineImportantPathsIntoProjection(specPaths, projection);\n};","map":{"version":3,"sources":["packages/minimongo/sorter_projection.js"],"names":["Minimongo","Sorter","prototype","combineIntoProjection","projection","self","specPaths","_pathsElidingNumericKeys","_getPaths","combineImportantPathsIntoProjection"],"mappings":"AAAAA,UAAUC,MAAV,CAAiBC,SAAjB,CAA2BC,qBAA3B,GAAmD,UAAUC,UAAV,EAAsB;AACvE,MAAIC,OAAO,IAAX;;AACA,MAAIC,YAAYN,UAAUO,wBAAV,CAAmCF,KAAKG,SAAL,EAAnC,CAAhB;;AACA,SAAOC,oCAAoCH,SAApC,EAA+CF,UAA/C,CAAP;AACD,CAJD","file":"packages/minimongo/sorter_projection.js.map","sourcesContent":["Minimongo.Sorter.prototype.combineIntoProjection = function (projection) {\n  var self = this;\n  var specPaths = Minimongo._pathsElidingNumericKeys(self._getPaths());\n  return combineImportantPathsIntoProjection(specPaths, projection);\n};\n"]},"hash":"9dac84d88491ddf0cc69eafed61338ecaccdf9a5"}
