{"metadata":{"usedHelpers":[],"marked":[],"modules":{"imports":[],"exports":{"exported":[],"specifiers":[]}}},"options":{"filename":"packages/mongo/observe_multiplex.js","filenameRelative":"packages/mongo/observe_multiplex.js","env":{"development":{"plugins":[]}},"retainLines":false,"highlightCode":true,"suppressDeprecationMessages":false,"presets":[],"plugins":[[[],{"generateLetDeclarations":true,"enforceStrictMode":false}],[[],null],[[],{"polyfill":false}],[[],null],[[],null],[[],null],[[],{"allowTopLevelThis":true,"strict":false,"loose":true}],[[],null],[[],null],[[],null],[[],null],[[],null],[[],null],[[],null],[[],null],[[],null],[[],null],[[],null],[[],null],[[],{"loose":true}],[[],{"loose":true}],[[],null],[[],{"loose":true}],[[],null],[[],null],[[],null],[[],null],[[],null],[[],null],[[],{"loose":true}],[[],null],[[],null],[[],null],[[],null],[[],null],[[],null],[[],null]],"ignore":[],"code":true,"metadata":true,"ast":true,"comments":true,"compact":false,"minified":false,"sourceMap":true,"sourceMaps":true,"sourceMapTarget":"packages/mongo/observe_multiplex.js.map","sourceFileName":"packages/mongo/observe_multiplex.js","babelrc":false,"sourceType":"module","moduleIds":false,"passPerPreset":false,"parserOpts":false,"generatorOpts":false,"basename":"observe_multiplex"},"ignored":false,"code":"var Future = Npm.require('fibers/future');\n\nObserveMultiplexer = function (options) {\n  var self = this;\n  if (!options || !_.has(options, 'ordered')) throw Error(\"must specified ordered\");\n  Package.facts && Package.facts.Facts.incrementServerFact(\"mongo-livedata\", \"observe-multiplexers\", 1);\n  self._ordered = options.ordered;\n\n  self._onStop = options.onStop || function () {};\n\n  self._queue = new Meteor._SynchronousQueue();\n  self._handles = {};\n  self._readyFuture = new Future();\n  self._cache = new LocalCollection._CachingChangeObserver({\n    ordered: options.ordered\n  }); // Number of addHandleAndSendInitialAdds tasks scheduled but not yet\n  // running. removeHandle uses this to know if it's time to call the onStop\n  // callback.\n\n  self._addHandleTasksScheduledButNotPerformed = 0;\n\n  _.each(self.callbackNames(), function (callbackName) {\n    self[callbackName] = function () /* ... */{\n      self._applyCallback(callbackName, _.toArray(arguments));\n    };\n  });\n};\n\n_.extend(ObserveMultiplexer.prototype, {\n  addHandleAndSendInitialAdds: function (handle) {\n    var self = this; // Check this before calling runTask (even though runTask does the same\n    // check) so that we don't leak an ObserveMultiplexer on error by\n    // incrementing _addHandleTasksScheduledButNotPerformed and never\n    // decrementing it.\n\n    if (!self._queue.safeToRunTask()) throw new Error(\"Can't call observeChanges from an observe callback on the same query\");\n    ++self._addHandleTasksScheduledButNotPerformed;\n    Package.facts && Package.facts.Facts.incrementServerFact(\"mongo-livedata\", \"observe-handles\", 1);\n\n    self._queue.runTask(function () {\n      self._handles[handle._id] = handle; // Send out whatever adds we have so far (whether or not we the\n      // multiplexer is ready).\n\n      self._sendAdds(handle);\n\n      --self._addHandleTasksScheduledButNotPerformed;\n    }); // *outside* the task, since otherwise we'd deadlock\n\n\n    self._readyFuture.wait();\n  },\n  // Remove an observe handle. If it was the last observe handle, call the\n  // onStop callback; you cannot add any more observe handles after this.\n  //\n  // This is not synchronized with polls and handle additions: this means that\n  // you can safely call it from within an observe callback, but it also means\n  // that we have to be careful when we iterate over _handles.\n  removeHandle: function (id) {\n    var self = this; // This should not be possible: you can only call removeHandle by having\n    // access to the ObserveHandle, which isn't returned to user code until the\n    // multiplex is ready.\n\n    if (!self._ready()) throw new Error(\"Can't remove handles until the multiplex is ready\");\n    delete self._handles[id];\n    Package.facts && Package.facts.Facts.incrementServerFact(\"mongo-livedata\", \"observe-handles\", -1);\n\n    if (_.isEmpty(self._handles) && self._addHandleTasksScheduledButNotPerformed === 0) {\n      self._stop();\n    }\n  },\n  _stop: function (options) {\n    var self = this;\n    options = options || {}; // It shouldn't be possible for us to stop when all our handles still\n    // haven't been returned from observeChanges!\n\n    if (!self._ready() && !options.fromQueryError) throw Error(\"surprising _stop: not ready\"); // Call stop callback (which kills the underlying process which sends us\n    // callbacks and removes us from the connection's dictionary).\n\n    self._onStop();\n\n    Package.facts && Package.facts.Facts.incrementServerFact(\"mongo-livedata\", \"observe-multiplexers\", -1); // Cause future addHandleAndSendInitialAdds calls to throw (but the onStop\n    // callback should make our connection forget about us).\n\n    self._handles = null;\n  },\n  // Allows all addHandleAndSendInitialAdds calls to return, once all preceding\n  // adds have been processed. Does not block.\n  ready: function () {\n    var self = this;\n\n    self._queue.queueTask(function () {\n      if (self._ready()) throw Error(\"can't make ObserveMultiplex ready twice!\");\n\n      self._readyFuture.return();\n    });\n  },\n  // If trying to execute the query results in an error, call this. This is\n  // intended for permanent errors, not transient network errors that could be\n  // fixed. It should only be called before ready(), because if you called ready\n  // that meant that you managed to run the query once. It will stop this\n  // ObserveMultiplex and cause addHandleAndSendInitialAdds calls (and thus\n  // observeChanges calls) to throw the error.\n  queryError: function (err) {\n    var self = this;\n\n    self._queue.runTask(function () {\n      if (self._ready()) throw Error(\"can't claim query has an error after it worked!\");\n\n      self._stop({\n        fromQueryError: true\n      });\n\n      self._readyFuture.throw(err);\n    });\n  },\n  // Calls \"cb\" once the effects of all \"ready\", \"addHandleAndSendInitialAdds\"\n  // and observe callbacks which came before this call have been propagated to\n  // all handles. \"ready\" must have already been called on this multiplexer.\n  onFlush: function (cb) {\n    var self = this;\n\n    self._queue.queueTask(function () {\n      if (!self._ready()) throw Error(\"only call onFlush on a multiplexer that will be ready\");\n      cb();\n    });\n  },\n  callbackNames: function () {\n    var self = this;\n    if (self._ordered) return [\"addedBefore\", \"changed\", \"movedBefore\", \"removed\"];else return [\"added\", \"changed\", \"removed\"];\n  },\n  _ready: function () {\n    return this._readyFuture.isResolved();\n  },\n  _applyCallback: function (callbackName, args) {\n    var self = this;\n\n    self._queue.queueTask(function () {\n      // If we stopped in the meantime, do nothing.\n      if (!self._handles) return; // First, apply the change to the cache.\n      // XXX We could make applyChange callbacks promise not to hang on to any\n      // state from their arguments (assuming that their supplied callbacks\n      // don't) and skip this clone. Currently 'changed' hangs on to state\n      // though.\n\n      self._cache.applyChange[callbackName].apply(null, EJSON.clone(args)); // If we haven't finished the initial adds, then we should only be getting\n      // adds.\n\n\n      if (!self._ready() && callbackName !== 'added' && callbackName !== 'addedBefore') {\n        throw new Error(\"Got \" + callbackName + \" during initial adds\");\n      } // Now multiplex the callbacks out to all observe handles. It's OK if\n      // these calls yield; since we're inside a task, no other use of our queue\n      // can continue until these are done. (But we do have to be careful to not\n      // use a handle that got removed, because removeHandle does not use the\n      // queue; thus, we iterate over an array of keys that we control.)\n\n\n      _.each(_.keys(self._handles), function (handleId) {\n        var handle = self._handles && self._handles[handleId];\n        if (!handle) return;\n        var callback = handle['_' + callbackName]; // clone arguments so that callbacks can mutate their arguments\n\n        callback && callback.apply(null, EJSON.clone(args));\n      });\n    });\n  },\n  // Sends initial adds to a handle. It should only be called from within a task\n  // (the task that is processing the addHandleAndSendInitialAdds call). It\n  // synchronously invokes the handle's added or addedBefore; there's no need to\n  // flush the queue afterwards to ensure that the callbacks get out.\n  _sendAdds: function (handle) {\n    var self = this;\n    if (self._queue.safeToRunTask()) throw Error(\"_sendAdds may only be called from within a task!\");\n    var add = self._ordered ? handle._addedBefore : handle._added;\n    if (!add) return; // note: docs may be an _IdMap or an OrderedDict\n\n    self._cache.docs.forEach(function (doc, id) {\n      if (!_.has(self._handles, handle._id)) throw Error(\"handle got removed before sending initial adds!\");\n      var fields = EJSON.clone(doc);\n      delete fields._id;\n      if (self._ordered) add(id, fields, null); // we're going in order, so add at end\n      else add(id, fields);\n    });\n  }\n});\n\nvar nextObserveHandleId = 1;\n\nObserveHandle = function (multiplexer, callbacks) {\n  var self = this; // The end user is only supposed to call stop().  The other fields are\n  // accessible to the multiplexer, though.\n\n  self._multiplexer = multiplexer;\n\n  _.each(multiplexer.callbackNames(), function (name) {\n    if (callbacks[name]) {\n      self['_' + name] = callbacks[name];\n    } else if (name === \"addedBefore\" && callbacks.added) {\n      // Special case: if you specify \"added\" and \"movedBefore\", you get an\n      // ordered observe where for some reason you don't get ordering data on\n      // the adds.  I dunno, we wrote tests for it, there must have been a\n      // reason.\n      self._addedBefore = function (id, fields, before) {\n        callbacks.added(id, fields);\n      };\n    }\n  });\n\n  self._stopped = false;\n  self._id = nextObserveHandleId++;\n};\n\nObserveHandle.prototype.stop = function () {\n  var self = this;\n  if (self._stopped) return;\n  self._stopped = true;\n\n  self._multiplexer.removeHandle(self._id);\n};","map":{"version":3,"sources":["packages/mongo/observe_multiplex.js"],"names":["Future","Npm","require","ObserveMultiplexer","options","self","_","has","Error","Package","facts","Facts","incrementServerFact","_ordered","ordered","_onStop","onStop","_queue","Meteor","_SynchronousQueue","_handles","_readyFuture","_cache","LocalCollection","_CachingChangeObserver","_addHandleTasksScheduledButNotPerformed","each","callbackNames","callbackName","_applyCallback","toArray","arguments","extend","prototype","addHandleAndSendInitialAdds","handle","safeToRunTask","runTask","_id","_sendAdds","wait","removeHandle","id","_ready","isEmpty","_stop","fromQueryError","ready","queueTask","return","queryError","err","throw","onFlush","cb","isResolved","args","applyChange","apply","EJSON","clone","keys","handleId","callback","add","_addedBefore","_added","docs","forEach","doc","fields","nextObserveHandleId","ObserveHandle","multiplexer","callbacks","_multiplexer","name","added","before","_stopped","stop"],"mappings":"AAAA,IAAIA,SAASC,IAAIC,OAAJ,CAAY,eAAZ,CAAb;;AAEAC,qBAAqB,UAAUC,OAAV,EAAmB;AACtC,MAAIC,OAAO,IAAX;AAEA,MAAI,CAACD,OAAD,IAAY,CAACE,EAAEC,GAAF,CAAMH,OAAN,EAAe,SAAf,CAAjB,EACE,MAAMI,MAAM,wBAAN,CAAN;AAEFC,UAAQC,KAAR,IAAiBD,QAAQC,KAAR,CAAcC,KAAd,CAAoBC,mBAApB,CACf,gBADe,EACG,sBADH,EAC2B,CAD3B,CAAjB;AAGAP,OAAKQ,QAAL,GAAgBT,QAAQU,OAAxB;;AACAT,OAAKU,OAAL,GAAeX,QAAQY,MAAR,IAAkB,YAAY,CAAE,CAA/C;;AACAX,OAAKY,MAAL,GAAc,IAAIC,OAAOC,iBAAX,EAAd;AACAd,OAAKe,QAAL,GAAgB,EAAhB;AACAf,OAAKgB,YAAL,GAAoB,IAAIrB,MAAJ,EAApB;AACAK,OAAKiB,MAAL,GAAc,IAAIC,gBAAgBC,sBAApB,CAA2C;AACvDV,aAASV,QAAQU;AADsC,GAA3C,CAAd,CAdsC,CAgBtC;AACA;AACA;;AACAT,OAAKoB,uCAAL,GAA+C,CAA/C;;AAEAnB,IAAEoB,IAAF,CAAOrB,KAAKsB,aAAL,EAAP,EAA6B,UAAUC,YAAV,EAAwB;AACnDvB,SAAKuB,YAAL,IAAqB,YAAU,SAAW;AACxCvB,WAAKwB,cAAL,CAAoBD,YAApB,EAAkCtB,EAAEwB,OAAF,CAAUC,SAAV,CAAlC;AACD,KAFD;AAGD,GAJD;AAKD,CA1BD;;AA4BAzB,EAAE0B,MAAF,CAAS7B,mBAAmB8B,SAA5B,EAAuC;AACrCC,+BAA6B,UAAUC,MAAV,EAAkB;AAC7C,QAAI9B,OAAO,IAAX,CAD6C,CAG7C;AACA;AACA;AACA;;AACA,QAAI,CAACA,KAAKY,MAAL,CAAYmB,aAAZ,EAAL,EACE,MAAM,IAAI5B,KAAJ,CAAU,sEAAV,CAAN;AACF,MAAEH,KAAKoB,uCAAP;AAEAhB,YAAQC,KAAR,IAAiBD,QAAQC,KAAR,CAAcC,KAAd,CAAoBC,mBAApB,CACf,gBADe,EACG,iBADH,EACsB,CADtB,CAAjB;;AAGAP,SAAKY,MAAL,CAAYoB,OAAZ,CAAoB,YAAY;AAC9BhC,WAAKe,QAAL,CAAce,OAAOG,GAArB,IAA4BH,MAA5B,CAD8B,CAE9B;AACA;;AACA9B,WAAKkC,SAAL,CAAeJ,MAAf;;AACA,QAAE9B,KAAKoB,uCAAP;AACD,KAND,EAd6C,CAqB7C;;;AACApB,SAAKgB,YAAL,CAAkBmB,IAAlB;AACD,GAxBoC;AA0BrC;AACA;AACA;AACA;AACA;AACA;AACAC,gBAAc,UAAUC,EAAV,EAAc;AAC1B,QAAIrC,OAAO,IAAX,CAD0B,CAG1B;AACA;AACA;;AACA,QAAI,CAACA,KAAKsC,MAAL,EAAL,EACE,MAAM,IAAInC,KAAJ,CAAU,mDAAV,CAAN;AAEF,WAAOH,KAAKe,QAAL,CAAcsB,EAAd,CAAP;AAEAjC,YAAQC,KAAR,IAAiBD,QAAQC,KAAR,CAAcC,KAAd,CAAoBC,mBAApB,CACf,gBADe,EACG,iBADH,EACsB,CAAC,CADvB,CAAjB;;AAGA,QAAIN,EAAEsC,OAAF,CAAUvC,KAAKe,QAAf,KACAf,KAAKoB,uCAAL,KAAiD,CADrD,EACwD;AACtDpB,WAAKwC,KAAL;AACD;AACF,GAlDoC;AAmDrCA,SAAO,UAAUzC,OAAV,EAAmB;AACxB,QAAIC,OAAO,IAAX;AACAD,cAAUA,WAAW,EAArB,CAFwB,CAIxB;AACA;;AACA,QAAI,CAAEC,KAAKsC,MAAL,EAAF,IAAmB,CAAEvC,QAAQ0C,cAAjC,EACE,MAAMtC,MAAM,6BAAN,CAAN,CAPsB,CASxB;AACA;;AACAH,SAAKU,OAAL;;AACAN,YAAQC,KAAR,IAAiBD,QAAQC,KAAR,CAAcC,KAAd,CAAoBC,mBAApB,CACf,gBADe,EACG,sBADH,EAC2B,CAAC,CAD5B,CAAjB,CAZwB,CAexB;AACA;;AACAP,SAAKe,QAAL,GAAgB,IAAhB;AACD,GArEoC;AAuErC;AACA;AACA2B,SAAO,YAAY;AACjB,QAAI1C,OAAO,IAAX;;AACAA,SAAKY,MAAL,CAAY+B,SAAZ,CAAsB,YAAY;AAChC,UAAI3C,KAAKsC,MAAL,EAAJ,EACE,MAAMnC,MAAM,0CAAN,CAAN;;AACFH,WAAKgB,YAAL,CAAkB4B,MAAlB;AACD,KAJD;AAKD,GAhFoC;AAkFrC;AACA;AACA;AACA;AACA;AACA;AACAC,cAAY,UAAUC,GAAV,EAAe;AACzB,QAAI9C,OAAO,IAAX;;AACAA,SAAKY,MAAL,CAAYoB,OAAZ,CAAoB,YAAY;AAC9B,UAAIhC,KAAKsC,MAAL,EAAJ,EACE,MAAMnC,MAAM,iDAAN,CAAN;;AACFH,WAAKwC,KAAL,CAAW;AAACC,wBAAgB;AAAjB,OAAX;;AACAzC,WAAKgB,YAAL,CAAkB+B,KAAlB,CAAwBD,GAAxB;AACD,KALD;AAMD,GAhGoC;AAkGrC;AACA;AACA;AACAE,WAAS,UAAUC,EAAV,EAAc;AACrB,QAAIjD,OAAO,IAAX;;AACAA,SAAKY,MAAL,CAAY+B,SAAZ,CAAsB,YAAY;AAChC,UAAI,CAAC3C,KAAKsC,MAAL,EAAL,EACE,MAAMnC,MAAM,uDAAN,CAAN;AACF8C;AACD,KAJD;AAKD,GA5GoC;AA6GrC3B,iBAAe,YAAY;AACzB,QAAItB,OAAO,IAAX;AACA,QAAIA,KAAKQ,QAAT,EACE,OAAO,CAAC,aAAD,EAAgB,SAAhB,EAA2B,aAA3B,EAA0C,SAA1C,CAAP,CADF,KAGE,OAAO,CAAC,OAAD,EAAU,SAAV,EAAqB,SAArB,CAAP;AACH,GAnHoC;AAoHrC8B,UAAQ,YAAY;AAClB,WAAO,KAAKtB,YAAL,CAAkBkC,UAAlB,EAAP;AACD,GAtHoC;AAuHrC1B,kBAAgB,UAAUD,YAAV,EAAwB4B,IAAxB,EAA8B;AAC5C,QAAInD,OAAO,IAAX;;AACAA,SAAKY,MAAL,CAAY+B,SAAZ,CAAsB,YAAY;AAChC;AACA,UAAI,CAAC3C,KAAKe,QAAV,EACE,OAH8B,CAKhC;AACA;AACA;AACA;AACA;;AACAf,WAAKiB,MAAL,CAAYmC,WAAZ,CAAwB7B,YAAxB,EAAsC8B,KAAtC,CAA4C,IAA5C,EAAkDC,MAAMC,KAAN,CAAYJ,IAAZ,CAAlD,EAVgC,CAYhC;AACA;;;AACA,UAAI,CAACnD,KAAKsC,MAAL,EAAD,IACCf,iBAAiB,OAAjB,IAA4BA,iBAAiB,aADlD,EACkE;AAChE,cAAM,IAAIpB,KAAJ,CAAU,SAASoB,YAAT,GAAwB,sBAAlC,CAAN;AACD,OAjB+B,CAmBhC;AACA;AACA;AACA;AACA;;;AACAtB,QAAEoB,IAAF,CAAOpB,EAAEuD,IAAF,CAAOxD,KAAKe,QAAZ,CAAP,EAA8B,UAAU0C,QAAV,EAAoB;AAChD,YAAI3B,SAAS9B,KAAKe,QAAL,IAAiBf,KAAKe,QAAL,CAAc0C,QAAd,CAA9B;AACA,YAAI,CAAC3B,MAAL,EACE;AACF,YAAI4B,WAAW5B,OAAO,MAAMP,YAAb,CAAf,CAJgD,CAKhD;;AACAmC,oBAAYA,SAASL,KAAT,CAAe,IAAf,EAAqBC,MAAMC,KAAN,CAAYJ,IAAZ,CAArB,CAAZ;AACD,OAPD;AAQD,KAhCD;AAiCD,GA1JoC;AA4JrC;AACA;AACA;AACA;AACAjB,aAAW,UAAUJ,MAAV,EAAkB;AAC3B,QAAI9B,OAAO,IAAX;AACA,QAAIA,KAAKY,MAAL,CAAYmB,aAAZ,EAAJ,EACE,MAAM5B,MAAM,kDAAN,CAAN;AACF,QAAIwD,MAAM3D,KAAKQ,QAAL,GAAgBsB,OAAO8B,YAAvB,GAAsC9B,OAAO+B,MAAvD;AACA,QAAI,CAACF,GAAL,EACE,OANyB,CAO3B;;AACA3D,SAAKiB,MAAL,CAAY6C,IAAZ,CAAiBC,OAAjB,CAAyB,UAAUC,GAAV,EAAe3B,EAAf,EAAmB;AAC1C,UAAI,CAACpC,EAAEC,GAAF,CAAMF,KAAKe,QAAX,EAAqBe,OAAOG,GAA5B,CAAL,EACE,MAAM9B,MAAM,iDAAN,CAAN;AACF,UAAI8D,SAASX,MAAMC,KAAN,CAAYS,GAAZ,CAAb;AACA,aAAOC,OAAOhC,GAAd;AACA,UAAIjC,KAAKQ,QAAT,EACEmD,IAAItB,EAAJ,EAAQ4B,MAAR,EAAgB,IAAhB,EADF,CACyB;AADzB,WAGEN,IAAItB,EAAJ,EAAQ4B,MAAR;AACH,KATD;AAUD;AAlLoC,CAAvC;;AAsLA,IAAIC,sBAAsB,CAA1B;;AACAC,gBAAgB,UAAUC,WAAV,EAAuBC,SAAvB,EAAkC;AAChD,MAAIrE,OAAO,IAAX,CADgD,CAEhD;AACA;;AACAA,OAAKsE,YAAL,GAAoBF,WAApB;;AACAnE,IAAEoB,IAAF,CAAO+C,YAAY9C,aAAZ,EAAP,EAAoC,UAAUiD,IAAV,EAAgB;AAClD,QAAIF,UAAUE,IAAV,CAAJ,EAAqB;AACnBvE,WAAK,MAAMuE,IAAX,IAAmBF,UAAUE,IAAV,CAAnB;AACD,KAFD,MAEO,IAAIA,SAAS,aAAT,IAA0BF,UAAUG,KAAxC,EAA+C;AACpD;AACA;AACA;AACA;AACAxE,WAAK4D,YAAL,GAAoB,UAAUvB,EAAV,EAAc4B,MAAd,EAAsBQ,MAAtB,EAA8B;AAChDJ,kBAAUG,KAAV,CAAgBnC,EAAhB,EAAoB4B,MAApB;AACD,OAFD;AAGD;AACF,GAZD;;AAaAjE,OAAK0E,QAAL,GAAgB,KAAhB;AACA1E,OAAKiC,GAAL,GAAWiC,qBAAX;AACD,CApBD;;AAqBAC,cAAcvC,SAAd,CAAwB+C,IAAxB,GAA+B,YAAY;AACzC,MAAI3E,OAAO,IAAX;AACA,MAAIA,KAAK0E,QAAT,EACE;AACF1E,OAAK0E,QAAL,GAAgB,IAAhB;;AACA1E,OAAKsE,YAAL,CAAkBlC,YAAlB,CAA+BpC,KAAKiC,GAApC;AACD,CAND","file":"packages/mongo/observe_multiplex.js.map","sourcesContent":["var Future = Npm.require('fibers/future');\n\nObserveMultiplexer = function (options) {\n  var self = this;\n\n  if (!options || !_.has(options, 'ordered'))\n    throw Error(\"must specified ordered\");\n\n  Package.facts && Package.facts.Facts.incrementServerFact(\n    \"mongo-livedata\", \"observe-multiplexers\", 1);\n\n  self._ordered = options.ordered;\n  self._onStop = options.onStop || function () {};\n  self._queue = new Meteor._SynchronousQueue();\n  self._handles = {};\n  self._readyFuture = new Future;\n  self._cache = new LocalCollection._CachingChangeObserver({\n    ordered: options.ordered});\n  // Number of addHandleAndSendInitialAdds tasks scheduled but not yet\n  // running. removeHandle uses this to know if it's time to call the onStop\n  // callback.\n  self._addHandleTasksScheduledButNotPerformed = 0;\n\n  _.each(self.callbackNames(), function (callbackName) {\n    self[callbackName] = function (/* ... */) {\n      self._applyCallback(callbackName, _.toArray(arguments));\n    };\n  });\n};\n\n_.extend(ObserveMultiplexer.prototype, {\n  addHandleAndSendInitialAdds: function (handle) {\n    var self = this;\n\n    // Check this before calling runTask (even though runTask does the same\n    // check) so that we don't leak an ObserveMultiplexer on error by\n    // incrementing _addHandleTasksScheduledButNotPerformed and never\n    // decrementing it.\n    if (!self._queue.safeToRunTask())\n      throw new Error(\"Can't call observeChanges from an observe callback on the same query\");\n    ++self._addHandleTasksScheduledButNotPerformed;\n\n    Package.facts && Package.facts.Facts.incrementServerFact(\n      \"mongo-livedata\", \"observe-handles\", 1);\n\n    self._queue.runTask(function () {\n      self._handles[handle._id] = handle;\n      // Send out whatever adds we have so far (whether or not we the\n      // multiplexer is ready).\n      self._sendAdds(handle);\n      --self._addHandleTasksScheduledButNotPerformed;\n    });\n    // *outside* the task, since otherwise we'd deadlock\n    self._readyFuture.wait();\n  },\n\n  // Remove an observe handle. If it was the last observe handle, call the\n  // onStop callback; you cannot add any more observe handles after this.\n  //\n  // This is not synchronized with polls and handle additions: this means that\n  // you can safely call it from within an observe callback, but it also means\n  // that we have to be careful when we iterate over _handles.\n  removeHandle: function (id) {\n    var self = this;\n\n    // This should not be possible: you can only call removeHandle by having\n    // access to the ObserveHandle, which isn't returned to user code until the\n    // multiplex is ready.\n    if (!self._ready())\n      throw new Error(\"Can't remove handles until the multiplex is ready\");\n\n    delete self._handles[id];\n\n    Package.facts && Package.facts.Facts.incrementServerFact(\n      \"mongo-livedata\", \"observe-handles\", -1);\n\n    if (_.isEmpty(self._handles) &&\n        self._addHandleTasksScheduledButNotPerformed === 0) {\n      self._stop();\n    }\n  },\n  _stop: function (options) {\n    var self = this;\n    options = options || {};\n\n    // It shouldn't be possible for us to stop when all our handles still\n    // haven't been returned from observeChanges!\n    if (! self._ready() && ! options.fromQueryError)\n      throw Error(\"surprising _stop: not ready\");\n\n    // Call stop callback (which kills the underlying process which sends us\n    // callbacks and removes us from the connection's dictionary).\n    self._onStop();\n    Package.facts && Package.facts.Facts.incrementServerFact(\n      \"mongo-livedata\", \"observe-multiplexers\", -1);\n\n    // Cause future addHandleAndSendInitialAdds calls to throw (but the onStop\n    // callback should make our connection forget about us).\n    self._handles = null;\n  },\n\n  // Allows all addHandleAndSendInitialAdds calls to return, once all preceding\n  // adds have been processed. Does not block.\n  ready: function () {\n    var self = this;\n    self._queue.queueTask(function () {\n      if (self._ready())\n        throw Error(\"can't make ObserveMultiplex ready twice!\");\n      self._readyFuture.return();\n    });\n  },\n\n  // If trying to execute the query results in an error, call this. This is\n  // intended for permanent errors, not transient network errors that could be\n  // fixed. It should only be called before ready(), because if you called ready\n  // that meant that you managed to run the query once. It will stop this\n  // ObserveMultiplex and cause addHandleAndSendInitialAdds calls (and thus\n  // observeChanges calls) to throw the error.\n  queryError: function (err) {\n    var self = this;\n    self._queue.runTask(function () {\n      if (self._ready())\n        throw Error(\"can't claim query has an error after it worked!\");\n      self._stop({fromQueryError: true});\n      self._readyFuture.throw(err);\n    });\n  },\n\n  // Calls \"cb\" once the effects of all \"ready\", \"addHandleAndSendInitialAdds\"\n  // and observe callbacks which came before this call have been propagated to\n  // all handles. \"ready\" must have already been called on this multiplexer.\n  onFlush: function (cb) {\n    var self = this;\n    self._queue.queueTask(function () {\n      if (!self._ready())\n        throw Error(\"only call onFlush on a multiplexer that will be ready\");\n      cb();\n    });\n  },\n  callbackNames: function () {\n    var self = this;\n    if (self._ordered)\n      return [\"addedBefore\", \"changed\", \"movedBefore\", \"removed\"];\n    else\n      return [\"added\", \"changed\", \"removed\"];\n  },\n  _ready: function () {\n    return this._readyFuture.isResolved();\n  },\n  _applyCallback: function (callbackName, args) {\n    var self = this;\n    self._queue.queueTask(function () {\n      // If we stopped in the meantime, do nothing.\n      if (!self._handles)\n        return;\n\n      // First, apply the change to the cache.\n      // XXX We could make applyChange callbacks promise not to hang on to any\n      // state from their arguments (assuming that their supplied callbacks\n      // don't) and skip this clone. Currently 'changed' hangs on to state\n      // though.\n      self._cache.applyChange[callbackName].apply(null, EJSON.clone(args));\n\n      // If we haven't finished the initial adds, then we should only be getting\n      // adds.\n      if (!self._ready() &&\n          (callbackName !== 'added' && callbackName !== 'addedBefore')) {\n        throw new Error(\"Got \" + callbackName + \" during initial adds\");\n      }\n\n      // Now multiplex the callbacks out to all observe handles. It's OK if\n      // these calls yield; since we're inside a task, no other use of our queue\n      // can continue until these are done. (But we do have to be careful to not\n      // use a handle that got removed, because removeHandle does not use the\n      // queue; thus, we iterate over an array of keys that we control.)\n      _.each(_.keys(self._handles), function (handleId) {\n        var handle = self._handles && self._handles[handleId];\n        if (!handle)\n          return;\n        var callback = handle['_' + callbackName];\n        // clone arguments so that callbacks can mutate their arguments\n        callback && callback.apply(null, EJSON.clone(args));\n      });\n    });\n  },\n\n  // Sends initial adds to a handle. It should only be called from within a task\n  // (the task that is processing the addHandleAndSendInitialAdds call). It\n  // synchronously invokes the handle's added or addedBefore; there's no need to\n  // flush the queue afterwards to ensure that the callbacks get out.\n  _sendAdds: function (handle) {\n    var self = this;\n    if (self._queue.safeToRunTask())\n      throw Error(\"_sendAdds may only be called from within a task!\");\n    var add = self._ordered ? handle._addedBefore : handle._added;\n    if (!add)\n      return;\n    // note: docs may be an _IdMap or an OrderedDict\n    self._cache.docs.forEach(function (doc, id) {\n      if (!_.has(self._handles, handle._id))\n        throw Error(\"handle got removed before sending initial adds!\");\n      var fields = EJSON.clone(doc);\n      delete fields._id;\n      if (self._ordered)\n        add(id, fields, null); // we're going in order, so add at end\n      else\n        add(id, fields);\n    });\n  }\n});\n\n\nvar nextObserveHandleId = 1;\nObserveHandle = function (multiplexer, callbacks) {\n  var self = this;\n  // The end user is only supposed to call stop().  The other fields are\n  // accessible to the multiplexer, though.\n  self._multiplexer = multiplexer;\n  _.each(multiplexer.callbackNames(), function (name) {\n    if (callbacks[name]) {\n      self['_' + name] = callbacks[name];\n    } else if (name === \"addedBefore\" && callbacks.added) {\n      // Special case: if you specify \"added\" and \"movedBefore\", you get an\n      // ordered observe where for some reason you don't get ordering data on\n      // the adds.  I dunno, we wrote tests for it, there must have been a\n      // reason.\n      self._addedBefore = function (id, fields, before) {\n        callbacks.added(id, fields);\n      };\n    }\n  });\n  self._stopped = false;\n  self._id = nextObserveHandleId++;\n};\nObserveHandle.prototype.stop = function () {\n  var self = this;\n  if (self._stopped)\n    return;\n  self._stopped = true;\n  self._multiplexer.removeHandle(self._id);\n};\n"]},"hash":"afa76218e446c8215610ebde5ddaddd3b8f00060"}
