{"metadata":{"usedHelpers":[],"marked":[],"modules":{"imports":[],"exports":{"exported":[],"specifiers":[]}}},"options":{"filename":"packages/minimongo/id_map.js","filenameRelative":"packages/minimongo/id_map.js","env":{"development":{"plugins":[]}},"retainLines":false,"highlightCode":true,"suppressDeprecationMessages":false,"presets":[],"plugins":[[[],{"generateLetDeclarations":true,"enforceStrictMode":false}],[[],null],[[],{"polyfill":false}],[[],null],[[],null],[[],null],[[],{"allowTopLevelThis":true,"strict":false,"loose":true}],[[],null],[[],null],[[],null],[[],null],[[],null],[[],null],[[],null],[[],null],[[],null],[[],null],[[],null],[[],null],[[],{"loose":true}],[[],{"loose":true}],[[],null],[[],{"loose":true}],[[],null],[[],null],[[],null],[[],null],[[],null],[[],null],[[],{"loose":true}],[[],null],[[],null],[[],null],[[],null],[[],null],[[],null],[[],null]],"ignore":[],"code":true,"metadata":true,"ast":true,"comments":true,"compact":false,"minified":false,"sourceMap":true,"sourceMaps":true,"sourceMapTarget":"packages/minimongo/id_map.js.map","sourceFileName":"packages/minimongo/id_map.js","babelrc":false,"sourceType":"module","moduleIds":false,"passPerPreset":false,"parserOpts":false,"generatorOpts":false,"basename":"id_map"},"ignored":false,"code":"LocalCollection._IdMap = function () {\n  var self = this;\n  IdMap.call(self, MongoID.idStringify, MongoID.idParse);\n};\n\nMeteor._inherits(LocalCollection._IdMap, IdMap);","map":{"version":3,"sources":["packages/minimongo/id_map.js"],"names":["LocalCollection","_IdMap","self","IdMap","call","MongoID","idStringify","idParse","Meteor","_inherits"],"mappings":"AAAAA,gBAAgBC,MAAhB,GAAyB,YAAY;AACnC,MAAIC,OAAO,IAAX;AACAC,QAAMC,IAAN,CAAWF,IAAX,EAAiBG,QAAQC,WAAzB,EAAsCD,QAAQE,OAA9C;AACD,CAHD;;AAKAC,OAAOC,SAAP,CAAiBT,gBAAgBC,MAAjC,EAAyCE,KAAzC","file":"packages/minimongo/id_map.js.map","sourcesContent":["LocalCollection._IdMap = function () {\n  var self = this;\n  IdMap.call(self, MongoID.idStringify, MongoID.idParse);\n};\n\nMeteor._inherits(LocalCollection._IdMap, IdMap);\n\n"]},"hash":"b0405c70aeab2f088a5a4787c85e8591624e2a8b"}
