{"metadata":{"usedHelpers":[],"marked":[],"modules":{"imports":[],"exports":{"exported":[],"specifiers":[]}}},"options":{"filename":"packages/ddp-server/server_convenience.js","filenameRelative":"packages/ddp-server/server_convenience.js","env":{"development":{"plugins":[]}},"retainLines":false,"highlightCode":true,"suppressDeprecationMessages":false,"presets":[],"plugins":[[[],{"generateLetDeclarations":true,"enforceStrictMode":false}],[[],null],[[],{"polyfill":false}],[[],null],[[],null],[[],null],[[],{"allowTopLevelThis":true,"strict":false,"loose":true}],[[],null],[[],null],[[],null],[[],null],[[],null],[[],null],[[],null],[[],null],[[],null],[[],null],[[],null],[[],null],[[],{"loose":true}],[[],{"loose":true}],[[],null],[[],{"loose":true}],[[],null],[[],null],[[],null],[[],null],[[],null],[[],null],[[],{"loose":true}],[[],null],[[],null],[[],null],[[],null],[[],null],[[],null],[[],null]],"ignore":[],"code":true,"metadata":true,"ast":true,"comments":true,"compact":false,"minified":false,"sourceMap":true,"sourceMaps":true,"sourceMapTarget":"packages/ddp-server/server_convenience.js.map","sourceFileName":"packages/ddp-server/server_convenience.js","babelrc":false,"sourceType":"module","moduleIds":false,"passPerPreset":false,"parserOpts":false,"generatorOpts":false,"basename":"server_convenience"},"ignored":false,"code":"if (process.env.DDP_DEFAULT_CONNECTION_URL) {\n  __meteor_runtime_config__.DDP_DEFAULT_CONNECTION_URL = process.env.DDP_DEFAULT_CONNECTION_URL;\n}\n\nMeteor.server = new Server();\n\nMeteor.refresh = function (notification) {\n  DDPServer._InvalidationCrossbar.fire(notification);\n}; // Proxy the public methods of Meteor.server so they can\n// be called directly on Meteor.\n\n\n_.each(['publish', 'methods', 'call', 'apply', 'onConnection', 'onMessage'], function (name) {\n  Meteor[name] = _.bind(Meteor.server[name], Meteor.server);\n}); // Meteor.server used to be called Meteor.default_server. Provide\n// backcompat as a courtesy even though it was never documented.\n// XXX COMPAT WITH 0.6.4\n\n\nMeteor.default_server = Meteor.server;","map":{"version":3,"sources":["packages/ddp-server/server_convenience.js"],"names":["process","env","DDP_DEFAULT_CONNECTION_URL","__meteor_runtime_config__","Meteor","server","Server","refresh","notification","DDPServer","_InvalidationCrossbar","fire","_","each","name","bind","default_server"],"mappings":"AAAA,IAAIA,QAAQC,GAAR,CAAYC,0BAAhB,EAA4C;AAC1CC,4BAA0BD,0BAA1B,GACEF,QAAQC,GAAR,CAAYC,0BADd;AAED;;AAEDE,OAAOC,MAAP,GAAgB,IAAIC,MAAJ,EAAhB;;AAEAF,OAAOG,OAAP,GAAiB,UAAUC,YAAV,EAAwB;AACvCC,YAAUC,qBAAV,CAAgCC,IAAhC,CAAqCH,YAArC;AACD,CAFD,C,CAIA;AACA;;;AACAI,EAAEC,IAAF,CAAO,CAAC,SAAD,EAAY,SAAZ,EAAuB,MAAvB,EAA+B,OAA/B,EAAwC,cAAxC,EAAwD,WAAxD,CAAP,EACO,UAAUC,IAAV,EAAgB;AACdV,SAAOU,IAAP,IAAeF,EAAEG,IAAF,CAAOX,OAAOC,MAAP,CAAcS,IAAd,CAAP,EAA4BV,OAAOC,MAAnC,CAAf;AACD,CAHR,E,CAKA;AACA;AACA;;;AACAD,OAAOY,cAAP,GAAwBZ,OAAOC,MAA/B","file":"packages/ddp-server/server_convenience.js.map","sourcesContent":["if (process.env.DDP_DEFAULT_CONNECTION_URL) {\n  __meteor_runtime_config__.DDP_DEFAULT_CONNECTION_URL =\n    process.env.DDP_DEFAULT_CONNECTION_URL;\n}\n\nMeteor.server = new Server;\n\nMeteor.refresh = function (notification) {\n  DDPServer._InvalidationCrossbar.fire(notification);\n};\n\n// Proxy the public methods of Meteor.server so they can\n// be called directly on Meteor.\n_.each(['publish', 'methods', 'call', 'apply', 'onConnection', 'onMessage'],\n       function (name) {\n         Meteor[name] = _.bind(Meteor.server[name], Meteor.server);\n       });\n\n// Meteor.server used to be called Meteor.default_server. Provide\n// backcompat as a courtesy even though it was never documented.\n// XXX COMPAT WITH 0.6.4\nMeteor.default_server = Meteor.server;\n"]},"hash":"b2a07b3bb01ee095a5fb3ac780a3a4d4e75f4b6d"}
