{"metadata":{"usedHelpers":[],"marked":[],"modules":{"imports":[{"source":"./accounts_server.js","imported":["AccountsServer"],"specifiers":[{"kind":"named","imported":"AccountsServer","local":"AccountsServer"}]},{"source":"./accounts_rate_limit.js","imported":[],"specifiers":[]},{"source":"./url_server.js","imported":[],"specifiers":[]}],"exports":{"exported":["AccountsServer"],"specifiers":[{"kind":"local","local":"AccountsServer","exported":"AccountsServer"}]}}},"options":{"filename":"packages/accounts-base/server_main.js","filenameRelative":"packages/accounts-base/server_main.js","env":{"development":{"plugins":[]}},"retainLines":false,"highlightCode":true,"suppressDeprecationMessages":false,"presets":[],"plugins":[[[],{"generateLetDeclarations":true,"enforceStrictMode":false}],[[],null],[[],{"polyfill":false}],[[],null],[[],null],[[],null],[[],{"allowTopLevelThis":true,"strict":false,"loose":true}],[[],null],[[],null],[[],null],[[],null],[[],null],[[],null],[[],null],[[],null],[[],null],[[],null],[[],null],[[],null],[[],{"loose":true}],[[],{"loose":true}],[[],null],[[],{"loose":true}],[[],null],[[],null],[[],null],[[],null],[[],null],[[],null],[[],{"loose":true}],[[],null],[[],null],[[],null],[[],null],[[],null],[[],null],[[],null]],"ignore":[],"code":true,"metadata":true,"ast":true,"comments":true,"compact":false,"minified":false,"sourceMap":true,"sourceMaps":true,"sourceMapTarget":"packages/accounts-base/server_main.js.map","sourceFileName":"packages/accounts-base/server_main.js","babelrc":false,"sourceType":"module","moduleIds":false,"passPerPreset":false,"parserOpts":false,"generatorOpts":false,"basename":"server_main"},"ignored":false,"code":"module.export({\n  AccountsServer: function () {\n    return AccountsServer;\n  }\n});\nvar AccountsServer = void 0;\nmodule.watch(require(\"./accounts_server.js\"), {\n  AccountsServer: function (v) {\n    AccountsServer = v;\n  }\n}, 0);\nmodule.watch(require(\"./accounts_rate_limit.js\"));\nmodule.watch(require(\"./url_server.js\"));\n/**\n * @namespace Accounts\n * @summary The namespace for all server-side accounts-related methods.\n */Accounts = new AccountsServer(Meteor.server); // Users table. Don't use the normal autopublish, since we want to hide\n// some fields. Code to autopublish this is in accounts_server.js.\n// XXX Allow users to configure this collection name.\n/**\n * @summary A [Mongo.Collection](#collections) containing user documents.\n * @locus Anywhere\n * @type {Mongo.Collection}\n * @importFromPackage meteor\n*/\nMeteor.users = Accounts.users;","map":{"version":3,"sources":["packages/accounts-base/server_main.js"],"names":["module","export","AccountsServer","watch","require","v","Accounts","Meteor","server","users"],"mappings":"AAAAA,OAAOC,MAAP,CAAc;AAACC,kBAAe;AAAA,WAAIA,cAAJ;AAAA;AAAhB,CAAd;AAAmD,IAAIA,uBAAJ;AAAmBF,OAAOG,KAAP,CAAaC,QAAQ,sBAAR,CAAb,EAA6C;AAACF,gBAAD,YAAgBG,CAAhB,EAAkB;AAACH,qBAAeG,CAAf;AAAiB;AAApC,CAA7C,EAAmF,CAAnF;AAAsFL,OAAOG,KAAP,CAAaC,QAAQ,0BAAR,CAAb;AAAkDJ,OAAOG,KAAP,CAAaC,QAAQ,iBAAR,CAAb;AAI9M;;;GAIAE,WAAW,IAAIJ,cAAJ,CAAmBK,OAAOC,MAA1B,CAAX,C,CAEA;AACA;AACA;AAEA;;;;;;AAMAD,OAAOE,KAAP,GAAeH,SAASG,KAAxB","file":"packages/accounts-base/server_main.js.map","sourcesContent":["import {AccountsServer} from \"./accounts_server.js\";\nimport \"./accounts_rate_limit.js\";\nimport \"./url_server.js\";\n\n/**\n * @namespace Accounts\n * @summary The namespace for all server-side accounts-related methods.\n */\nAccounts = new AccountsServer(Meteor.server);\n\n// Users table. Don't use the normal autopublish, since we want to hide\n// some fields. Code to autopublish this is in accounts_server.js.\n// XXX Allow users to configure this collection name.\n\n/**\n * @summary A [Mongo.Collection](#collections) containing user documents.\n * @locus Anywhere\n * @type {Mongo.Collection}\n * @importFromPackage meteor\n*/\nMeteor.users = Accounts.users;\n\nexport {\n  // Since this file is the main module for the server version of the\n  // accounts-base package, properties of non-entry-point modules need to\n  // be re-exported in order to be accessible to modules that import the\n  // accounts-base package.\n  AccountsServer\n};\n"]},"hash":"c8144f1c9db719178d6a617ef999c6c26b57d1eb"}
