{"metadata":{"usedHelpers":[],"marked":[],"modules":{"imports":[{"source":"meteor/meteor","imported":["Meteor"],"specifiers":[{"kind":"named","imported":"Meteor","local":"Meteor"}]}],"exports":{"exported":[],"specifiers":[]}}},"options":{"filename":"server/main.js","filenameRelative":"server/main.js","env":{"development":{"plugins":[]}},"retainLines":false,"highlightCode":true,"suppressDeprecationMessages":false,"presets":[],"plugins":[[[],{"generateLetDeclarations":true,"enforceStrictMode":false}],[[],null],[[],{"polyfill":false}],[[],null],[[],null],[[],null],[[],{"allowTopLevelThis":true,"strict":false,"loose":true}],[[],null],[[],null],[[],null],[[],null],[[],null],[[],null],[[],null],[[],null],[[],null],[[],null],[[],null],[[],null],[[],{"loose":true}],[[],{"loose":true}],[[],null],[[],{"loose":true}],[[],null],[[],null],[[],null],[[],null],[[],null],[[],null],[[],{"loose":true}],[[],null],[[],null],[[],null],[[],null],[[],null],[[],null],[[],null]],"ignore":[],"code":true,"metadata":true,"ast":true,"comments":true,"compact":false,"minified":false,"sourceMap":true,"sourceMaps":true,"sourceMapTarget":"server/main.js.map","sourceFileName":"server/main.js","babelrc":false,"sourceType":"module","moduleIds":false,"passPerPreset":false,"parserOpts":false,"generatorOpts":false,"basename":"main"},"ignored":false,"code":"var Meteor = void 0;\nmodule.watch(require(\"meteor/meteor\"), {\n  Meteor: function (v) {\n    Meteor = v;\n  }\n}, 0);\nMeteor.startup(function () {\n  // code to run on server at startup\n  People.remove({}); // clear the database\n\n  People.insert({\n    name: 'Tim',\n    food: \"Japanese\",\n    date: \"07/07/2017\",\n    num: \"5\"\n  });\n  People.insert({\n    name: 'Caitlin',\n    food: \"Chinese\",\n    date: \"09/12/2017\",\n    num: \"3\"\n  });\n});","map":{"version":3,"sources":["server/main.js"],"names":["Meteor","module","watch","require","v","startup","People","remove","insert","name","food","date","num"],"mappings":"AAAA,IAAIA,eAAJ;AAAWC,OAAOC,KAAP,CAAaC,QAAQ,eAAR,CAAb,EAAsC;AAACH,QAAD,YAAQI,CAAR,EAAU;AAACJ,aAAOI,CAAP;AAAS;AAApB,CAAtC,EAA4D,CAA5D;AAEXJ,OAAOK,OAAP,CAAe,YAAM;AACnB;AACAC,SAAOC,MAAP,CAAc,EAAd,EAFmB,CAEC;;AACpBD,SAAOE,MAAP,CAAc;AAACC,UAAK,KAAN;AAAYC,UAAM,UAAlB;AAA8BC,UAAM,YAApC;AAAkDC,SAAK;AAAvD,GAAd;AACAN,SAAOE,MAAP,CAAc;AAACC,UAAK,SAAN;AAAgBC,UAAK,SAArB;AAAgCC,UAAM,YAAtC;AAAoDC,SAAK;AAAzD,GAAd;AACD,CALD","file":"server/main.js.map","sourcesContent":["import { Meteor } from 'meteor/meteor';\n\nMeteor.startup(() => {\n  // code to run on server at startup\n  People.remove({});  // clear the database\n  People.insert({name:'Tim',food: \"Japanese\", date: \"07/07/2017\", num: \"5\"});\n  People.insert({name:'Caitlin',food:\"Chinese\", date: \"09/12/2017\", num: \"3\"});\n});\n"]},"hash":"cc14a0fa9916fa1c4ebd6b52bb1e0d50da37ae0f"}
