{"metadata":{"usedHelpers":[],"marked":[],"modules":{"imports":[],"exports":{"exported":[],"specifiers":[]}}},"options":{"filename":"lib/collections.js","filenameRelative":"lib/collections.js","env":{"development":{"plugins":[]}},"retainLines":false,"highlightCode":true,"suppressDeprecationMessages":false,"presets":[],"plugins":[[[],{"generateLetDeclarations":true,"enforceStrictMode":false}],[[],null],[[],{"polyfill":false}],[[],null],[[],null],[[],null],[[],{"allowTopLevelThis":true,"strict":false,"loose":true}],[[],null],[[],null],[[],null],[[],null],[[],null],[[],null],[[],null],[[],null],[[],null],[[],null],[[],null],[[],null],[[],{"loose":true}],[[],{"loose":true}],[[],null],[[],{"loose":true}],[[],null],[[],null],[[],null],[[],null],[[],null],[[],null],[[],{"loose":true}],[[],null],[[],null],[[],null],[[],null],[[],null],[[],null],[[],null]],"ignore":[],"code":true,"metadata":true,"ast":true,"comments":true,"compact":false,"minified":false,"sourceMap":true,"sourceMaps":true,"sourceMapTarget":"lib/collections.js.map","sourceFileName":"lib/collections.js","babelrc":false,"sourceType":"module","moduleIds":false,"passPerPreset":false,"parserOpts":false,"generatorOpts":false,"basename":"collections"},"ignored":false,"code":"People = new Meteor.Collection('people');\nPost = new Meteor.Collection('post');","map":{"version":3,"sources":["lib/collections.js"],"names":["People","Meteor","Collection","Post"],"mappings":"AAAAA,SAAS,IAAIC,OAAOC,UAAX,CAAsB,QAAtB,CAAT;AACAC,OAAO,IAAIF,OAAOC,UAAX,CAAsB,MAAtB,CAAP","file":"lib/collections.js.map","sourcesContent":["People = new Meteor.Collection('people');\nPost = new Meteor.Collection('post');\n"]},"hash":"d403ded479e6abf3b17d335cd9d0c3e98dc03602"}
