{"metadata":{"usedHelpers":[],"marked":[],"modules":{"imports":[],"exports":{"exported":[],"specifiers":[]}}},"options":{"filename":"lib/router.js","filenameRelative":"lib/router.js","env":{"development":{"plugins":[]}},"retainLines":false,"highlightCode":true,"suppressDeprecationMessages":false,"presets":[],"plugins":[[[],{"generateLetDeclarations":true,"enforceStrictMode":false}],[[],null],[[],{"polyfill":false}],[[],null],[[],null],[[],null],[[],{"allowTopLevelThis":true,"strict":false,"loose":true}],[[],null],[[],null],[[],null],[[],null],[[],null],[[],null],[[],null],[[],null],[[],null],[[],null],[[],null],[[],null],[[],{"loose":true}],[[],{"loose":true}],[[],null],[[],{"loose":true}],[[],null],[[],null],[[],null],[[],null],[[],null],[[],null],[[],{"loose":true}],[[],null],[[],null],[[],null],[[],null],[[],null],[[],null],[[],null]],"ignore":[],"code":true,"metadata":true,"ast":true,"comments":true,"compact":false,"minified":false,"sourceMap":true,"sourceMaps":true,"sourceMapTarget":"lib/router.js.map","sourceFileName":"lib/router.js","babelrc":false,"sourceType":"module","moduleIds":false,"passPerPreset":false,"parserOpts":false,"generatorOpts":false,"basename":"router"},"ignored":false,"code":"Router.configure({\n  layoutTemplate: 'layout2'\n});\nRouter.route('/', {\n  name: 'home'\n});\nRouter.route('contactinfo');\nRouter.route('about');\nRouter.route('quiz1');","map":{"version":3,"sources":["lib/router.js"],"names":["Router","configure","layoutTemplate","route","name"],"mappings":"AAAAA,OAAOC,SAAP,CAAiB;AAACC,kBAAgB;AAAjB,CAAjB;AACAF,OAAOG,KAAP,CAAa,GAAb,EAAiB;AAACC,QAAK;AAAN,CAAjB;AACAJ,OAAOG,KAAP,CAAa,aAAb;AACAH,OAAOG,KAAP,CAAa,OAAb;AAGAH,OAAOG,KAAP,CAAa,OAAb","file":"lib/router.js.map","sourcesContent":["Router.configure({layoutTemplate: 'layout2',})\nRouter.route('/',{name:'home'});\nRouter.route('contactinfo');\nRouter.route('about');\n\n\nRouter.route('quiz1');\n"]},"hash":"da98461cd35ad5cec7dda94cfd3ee7419791d1f4"}
