{"lastInput":{"dependencies":["meteor-base","mobile-experience","mongo","reactive-var","tracker","standard-minifier-css","standard-minifier-js","es5-shim","ecmascript","shell-server","iron:router","twbs:bootstrap","blaze-html-templates","autopublish","accounts-password","accounts-google","ian:accounts-ui-bootstrap-3","google-config-ui"],"constraints":["meteor-base@1.1.0","mobile-experience@1.0.4","mongo@1.1.18","reactive-var@1.0.11","tracker@1.1.3","standard-minifier-css@1.3.4","standard-minifier-js@2.1.0","es5-shim@4.6.15","ecmascript@0.8.0","shell-server@0.2.3","iron:router","twbs:bootstrap","blaze-html-templates","autopublish","accounts-password","accounts-google","ian:accounts-ui-bootstrap-3","google-config-ui","accounts-base@1.3.0","accounts-facebook@1.2.0","accounts-github@1.3.0","accounts-google@1.2.0","accounts-meetup@1.3.0","accounts-meteor-developer@1.3.0","accounts-oauth@1.1.15","accounts-password@1.3.6","accounts-twitter@1.3.0","accounts-ui-unstyled@1.2.1","accounts-ui@1.1.9","accounts-weibo@1.2.0","allow-deny@1.0.5","appcache@1.0.12","audit-argument-checks@1.0.7","autopublish@1.0.7","autoupdate@1.3.12","babel-compiler@6.19.1","babel-runtime@1.0.1","base64@1.0.10","binary-heap@1.0.10","boilerplate-generator@1.1.0","browser-policy-common@1.0.11","browser-policy-content@1.1.0","browser-policy-framing@1.1.0","browser-policy@1.1.0","caching-compiler@1.1.9","callback-hook@1.0.10","check@1.2.5","coffeescript-test-helper@1.0.8","constraint-solver@1.1.1","crosswalk@1.7.1","ddp-client@1.3.4","ddp-common@1.2.8","ddp-rate-limiter@1.0.7","ddp-server@1.3.14","ddp@1.2.5","deps@1.0.12","diff-sequence@1.0.7","disable-oplog@1.0.7","dynamic-import@0.1.0","ecmascript-runtime-client@0.4.1","ecmascript-runtime-server@0.4.1","ecmascript-runtime@0.4.1","ecmascript@0.8.0","ejson@1.0.13","email@1.2.1","es5-shim@4.6.15","facebook-config-ui@1.0.0","facebook-oauth@1.3.1","facts@1.0.9","fastclick@1.0.13","force-ssl-common@1.0.14","force-ssl@1.0.14","geojson-utils@1.0.10","github-config-ui@1.0.0","github-oauth@1.2.0","google-config-ui@1.0.0","google-oauth@1.2.4","hot-code-push@1.0.4","http@1.2.12","id-map@1.0.9","insecure@1.0.7","jquery@1.11.10","jshint@1.1.7","jsparse@1.0.10","launch-screen@1.1.1","less@2.7.9","livedata@1.0.18","localstorage@1.1.0","logging@1.1.17","logic-solver@2.0.7","markdown@1.0.12","meetup-config-ui@1.0.0","meetup-oauth@1.0.1","meteor-base@1.1.0","meteor-developer-config-ui@1.0.0","meteor-developer-oauth@1.2.0","meteor@1.6.1","meyerweb-reset@1.0.7","minifier-css@1.2.16","minifier-js@2.1.0","minimongo@1.2.0","mobile-experience@1.0.4","mobile-status-bar@1.0.14","modules-runtime@0.8.0","modules@0.9.0","mongo-id@1.0.6","mongo-livedata@1.0.12","mongo@1.1.18","npm-bcrypt@0.9.2","npm-mongo@2.2.24","oauth-encryption@1.2.1","oauth@1.1.13","oauth1@1.1.11","oauth2@1.1.11","observe-sequence@1.0.16","ordered-dict@1.0.9","package-stats-opt-out@1.0.7","package-version-parser@3.0.10","promise@0.8.9","random@1.0.10","rate-limit@1.0.8","reactive-dict@1.1.9","reactive-var@1.0.11","reload-safetybelt@1.0.12","reload@1.1.11","retry@1.0.9","routepolicy@1.0.12","service-configuration@1.0.11","session@1.1.7","sha@1.0.9","shell-server@0.2.3","showdown@1.0.8","srp@1.0.10","standard-minifier-css@1.3.4","standard-minifier-js@2.1.0","standard-minifiers@1.1.0","stylus@2.513.9","test-helpers@1.0.11","test-in-browser@1.0.13","test-in-console@1.0.15","test-server-tests-in-console-once@1.0.11","tinytest-harness@0.0.4","tinytest@1.0.12","tracker@1.1.3","twitter-config-ui@1.0.0","twitter-oauth@1.2.0","underscore-tests@1.0.8","underscore@1.0.10","url@1.1.0","webapp-hashing@1.0.9","webapp@1.3.16","weibo-config-ui@1.0.0","weibo-oauth@1.2.0","xmlbuilder@2.5.15"],"previousSolution":{"accounts-base":"1.3.0","accounts-google":"1.2.0","accounts-oauth":"1.1.15","accounts-password":"1.3.6","allow-deny":"1.0.5","anti:i18n":"0.4.3","autopublish":"1.0.7","autoupdate":"1.3.12","babel-compiler":"6.19.2","babel-runtime":"1.0.1","base64":"1.0.10","binary-heap":"1.0.10","blaze":"2.3.2","blaze-html-templates":"1.0.5","blaze-tools":"1.0.10","boilerplate-generator":"1.1.0","caching-compiler":"1.1.9","caching-html-compiler":"1.1.2","callback-hook":"1.0.10","check":"1.2.5","ddp":"1.2.5","ddp-client":"1.3.4","ddp-common":"1.2.8","ddp-rate-limiter":"1.0.7","ddp-server":"1.3.14","deps":"1.0.12","diff-sequence":"1.0.7","dynamic-import":"0.1.1","ecmascript":"0.8.0","ecmascript-runtime":"0.4.1","ecmascript-runtime-client":"0.4.2","ecmascript-runtime-server":"0.4.1","ejson":"1.0.13","email":"1.2.3","es5-shim":"4.6.15","fastclick":"1.0.13","geojson-utils":"1.0.10","google-config-ui":"1.0.0","google-oauth":"1.2.4","hot-code-push":"1.0.4","html-tools":"1.0.11","htmljs":"1.0.11","http":"1.2.12","ian:accounts-ui-bootstrap-3":"1.2.89","id-map":"1.0.9","iron:controller":"1.0.12","iron:core":"1.0.11","iron:dynamic-template":"1.0.12","iron:layout":"1.0.12","iron:location":"1.0.11","iron:middleware-stack":"1.1.0","iron:router":"1.1.2","iron:url":"1.1.0","jquery":"1.11.10","launch-screen":"1.1.1","livedata":"1.0.18","localstorage":"1.1.0","logging":"1.1.17","meteor":"1.6.1","meteor-base":"1.1.0","minifier-css":"1.2.16","minifier-js":"2.1.0","minimongo":"1.2.1","mobile-experience":"1.0.4","mobile-status-bar":"1.0.14","modules":"0.9.1","modules-runtime":"0.8.0","mongo":"1.1.18","mongo-id":"1.0.6","npm-bcrypt":"0.9.2","npm-mongo":"2.2.24","oauth":"1.1.13","oauth2":"1.1.11","observe-sequence":"1.0.16","ordered-dict":"1.0.9","promise":"0.8.9","random":"1.0.10","rate-limit":"1.0.8","reactive-dict":"1.1.9","reactive-var":"1.0.11","reload":"1.1.11","retry":"1.0.9","routepolicy":"1.0.12","service-configuration":"1.0.11","session":"1.1.7","sha":"1.0.9","shell-server":"0.2.3","spacebars":"1.0.15","spacebars-compiler":"1.1.2","srp":"1.0.10","standard-minifier-css":"1.3.4","standard-minifier-js":"2.1.0","stylus":"2.513.9","templating":"1.2.15","templating-compiler":"1.2.15","templating-runtime":"1.2.15","templating-tools":"1.1.2","tracker":"1.1.3","twbs:bootstrap":"3.3.6","ui":"1.0.13","underscore":"1.0.10","url":"1.1.0","webapp":"1.3.16","webapp-hashing":"1.0.9"}},"lastOutput":{"neededToUseUnanticipatedPrereleases":false,"answer":{"accounts-base":"1.3.0","accounts-google":"1.2.0","accounts-oauth":"1.1.15","accounts-password":"1.3.6","allow-deny":"1.0.5","anti:i18n":"0.4.3","autopublish":"1.0.7","autoupdate":"1.3.12","babel-compiler":"6.19.2","babel-runtime":"1.0.1","base64":"1.0.10","binary-heap":"1.0.10","blaze":"2.3.2","blaze-html-templates":"1.0.5","blaze-tools":"1.0.10","boilerplate-generator":"1.1.0","caching-compiler":"1.1.9","caching-html-compiler":"1.1.2","callback-hook":"1.0.10","check":"1.2.5","ddp":"1.2.5","ddp-client":"1.3.4","ddp-common":"1.2.8","ddp-rate-limiter":"1.0.7","ddp-server":"1.3.14","deps":"1.0.12","diff-sequence":"1.0.7","dynamic-import":"0.1.1","ecmascript":"0.8.0","ecmascript-runtime":"0.4.1","ecmascript-runtime-client":"0.4.2","ecmascript-runtime-server":"0.4.1","ejson":"1.0.13","email":"1.2.3","es5-shim":"4.6.15","fastclick":"1.0.13","geojson-utils":"1.0.10","google-config-ui":"1.0.0","google-oauth":"1.2.4","hot-code-push":"1.0.4","html-tools":"1.0.11","htmljs":"1.0.11","http":"1.2.12","ian:accounts-ui-bootstrap-3":"1.2.89","id-map":"1.0.9","iron:controller":"1.0.12","iron:core":"1.0.11","iron:dynamic-template":"1.0.12","iron:layout":"1.0.12","iron:location":"1.0.11","iron:middleware-stack":"1.1.0","iron:router":"1.1.2","iron:url":"1.1.0","isobuild:compiler-plugin":"1.0.0","isobuild:dynamic-import":"1.5.0","isobuild:isopack-2":"1.0.0","isobuild:minifier-plugin":"1.0.0","jquery":"1.11.10","launch-screen":"1.1.1","livedata":"1.0.18","localstorage":"1.1.0","logging":"1.1.17","meteor":"1.6.1","meteor-base":"1.1.0","minifier-css":"1.2.16","minifier-js":"2.1.0","minimongo":"1.2.1","mobile-experience":"1.0.4","mobile-status-bar":"1.0.14","modules":"0.9.1","modules-runtime":"0.8.0","mongo":"1.1.18","mongo-id":"1.0.6","npm-bcrypt":"0.9.2","npm-mongo":"2.2.24","oauth":"1.1.13","oauth2":"1.1.11","observe-sequence":"1.0.16","ordered-dict":"1.0.9","promise":"0.8.9","random":"1.0.10","rate-limit":"1.0.8","reactive-dict":"1.1.9","reactive-var":"1.0.11","reload":"1.1.11","retry":"1.0.9","routepolicy":"1.0.12","service-configuration":"1.0.11","session":"1.1.7","sha":"1.0.9","shell-server":"0.2.3","spacebars":"1.0.15","spacebars-compiler":"1.1.2","srp":"1.0.10","standard-minifier-css":"1.3.4","standard-minifier-js":"2.1.0","stylus":"2.513.9","templating":"1.2.15","templating-compiler":"1.2.15","templating-runtime":"1.2.15","templating-tools":"1.1.2","tracker":"1.1.3","twbs:bootstrap":"3.3.6","ui":"1.0.13","underscore":"1.0.10","url":"1.1.0","webapp":"1.3.16","webapp-hashing":"1.0.9"}}}
